종목코드,종목명,시장구분,소속부,종가,대비,등락률,시가,고가,저가,거래량,거래대금,시가총액,상장주식수
"060310","3S","KOSDAQ","벤처기업부","2155","-25","-1.15","2195","2195","2130","180254","387606253","114342231200","53059040"
"095570","AJ네트웍스","KOSPI",,"4285","130","3.13","4170","4360","4130","623657","2657074022","193908072315","45252759"
"006840","AK홀딩스","KOSPI",,"12230","150","1.24","12660","13500","12100","104770","1320550115","162017671030","13247561"
"054620","APS","KOSDAQ","중견기업부","4975","-75","-1.49","5020","5020","4900","17323","85321380","98973749475","19894221"
"265520","AP시스템","KOSDAQ","우량기업부","16880","-180","-1.06","17060","17060","16600","112254","1884813290","257950386480","15281421"
"211270","AP위성","KOSDAQ","우량기업부","12580","-250","-1.95","12900","12900","12330","65222","818627770","189735384320","15082304"
"109960","AP헬스케어","KOSDAQ","투자주의환기종목(소속부없음)","329","-1","-0.30","332","334","324","439617","144290164","66059669501","200789269"
"139050","BF랩스","KOSDAQ","관리종목(소속부없음)","2805","0","0.00","0","0","0","0","0","24247965555","8644551"
"027410","BGF","KOSPI",,"4330","-90","-2.04","4415","4420","4250","138895","599344661","414453705030","95716791"
"282330","BGF리테일","KOSPI",,"127400","1200","0.95","125700","127500","123000","34823","4396913000","2201969624400","17283906"
"126600","BGF에코머티리얼즈","KOSDAQ","우량기업부","3000","-20","-0.66","3025","3025","2940","36506","108194760","188300697000","62766899"
"138930","BNK금융지주","KOSPI",,"12790","-30","-0.23","12770","12980","12640","748488","9546078155","4072125208010","318383519"
"001460","BYC","KOSPI",,"39400","-800","-1.99","40150","40150","38700","3469","136097475","246098310000","6246150"
"001465","BYC우","KOSPI",,"23300","50","0.22","23250","23350","22450","9956","229087575","50184705000","2153850"
"083790","CG인바이츠","KOSDAQ","중견기업부","1775","-34","-1.88","1809","1809","1742","137187","242028827","136487173050","76894182"
"001040","CJ","KOSPI",,"158100","-6900","-4.18","165300","165300","154800","185653","29332445600","4612883383800","29176998"
"079160","CJ CGV","KOSPI",,"5110","-130","-2.48","5230","5230","5050","132137","675649675","846116365220","165580502"
"035760","CJ ENM","KOSDAQ GLOBAL","중견기업부","70400","-4900","-6.51","75000","75800","69000","174737","12311263050","1543812441600","21929154"
"311690","CJ 바이오사이언스","KOSDAQ","기술성장기업부","9510","-10","-0.11","9520","9530","9380","5257","49665830","124252543620","13065462"
"00104K","CJ4우(전환)","KOSPI",,"129900","-4000","-2.99","134400","134600","127000","9658","1245810800","549023908800","4226512"
"000120","CJ대한통운","KOSPI",,"90300","1700","1.92","89100","90700","88100","36839","3300012300","2059954663200","22812344"
"011150","CJ씨푸드","KOSPI",,"3070","-15","-0.49","3070","3090","3020","314008","957618315","110307473110","35930773"
"011155","CJ씨푸드1우","KOSPI",,"17990","170","0.95","17950","17990","17660","80","1429490","3598000000","200000"
"001045","CJ우","KOSPI",,"84300","-4100","-4.64","88700","88700","83400","13104","1107087000","190536798900","2260223"
"097950","CJ제일제당","KOSPI",,"267000","12500","4.91","259500","267250","255000","113878","29889777500","4019467662000","15054186"
"097955","CJ제일제당 우","KOSPI",,"152100","1900","1.26","150500","152500","149500","7293","1103506950","201902559300","1327433"
"051500","CJ프레시웨이","KOSDAQ","우량기업부","28600","400","1.42","28200","28700","27700","34767","982229325","339527359600","11871586"
"058820","CMG제약","KOSDAQ","중견기업부","1999","2","0.10","1997","2020","1982","557500","1112461785","285970009467","143056533"
"023460","CNH","KOSDAQ","관리종목(소속부없음)","109","0","0.00","0","0","0","0","0","4054800000","37200000"
"056730","CNT85","KOSDAQ","벤처기업부","804","-2","-0.25","801","834","797","16912","13537272","59585393544","74111186"
"000480","CR홀딩스","KOSPI",,"5440","0","0.00","5460","5470","5400","2801","15181360","255084265600","46890490"
"065770","CS","KOSDAQ","벤처기업부","1066","42","4.10","1028","1180","1014","860471","944001889","20692264580","19411130"
"083660","CSA 코스믹","KOSDAQ","중견기업부","2785","15","0.54","2800","2885","2600","663957","1818558230","170573399085","61247181"
"000590","CS홀딩스","KOSPI",,"90200","-4400","-4.65","94400","95600","89500","741","67893600","104134276400","1154482"
"012030","DB","KOSPI",,"1530","-51","-3.23","1585","1600","1513","865642","1333194706","307796117490","201173933"
"477760","DB금융스팩12호","KOSDAQ","SPAC(소속부없음)","2075","-15","-0.72","2085","2095","2075","9469","19722442","12118000000","5840000"
"005830","DB손해보험","KOSPI",,"122900","-2900","-2.31","125200","126300","121700","138670","17134523200","8701320000000","70800000"
"016610","DB증권","KOSPI",,"8280","-100","-1.19","8480","8480","8140","147576","1218603820","351456100920","42446389"
"000990","DB하이텍","KOSPI",,"45850","-850","-1.82","46700","46700","45100","134686","6145680500","2035675259800","44398588"
"099520","DGI","KOSDAQ","관리종목(소속부없음)","1284","0","0.00","0","0","0","0","0","58141862016","45281824"
"060900","DGP","KOSDAQ","중견기업부","1239","-4","-0.32","1350","1540","1239","3891433","5411384168","32367671931","26124029"
"000300","DH오토넥스","KOSPI",,"1984","0","0.00","0","0","0","0","0","162944308992","82129188"
"290120","DH오토리드","KOSDAQ","우량기업부","2660","0","0.00","2690","2690","2605","33665","89332885","42092502340","15824249"
"025440","DH오토웨어","KOSDAQ","중견기업부","797","-11","-1.36","818","818","791","136943","109128776","38878635528","48781224"
"001530","DI동일","KOSPI",,"40650","-1350","-3.21","41550","41850","40000","73325","2977122925","801437798550","19715567"
"015590","DKME","KOSPI",,"515","0","0.00","0","0","0","0","0","122045495160","236981544"
"000210","DL","KOSPI",,"47050","-1750","-3.59","48550","48800","46350","125282","5884403075","985974342200","20955884"
"000215","DL우","KOSPI",,"24850","-300","-1.19","25950","25950","24300","5870","145673400","41899957750","1686115"
"375500","DL이앤씨","KOSPI",,"52500","-1000","-1.87","54900","55100","50500","465064","24294241950","2031415207500","38693623"
"37550L","DL이앤씨2우(전환)","KOSPI",,"35550","-150","-0.42","35750","36000","34500","4396","153773750","75079858050","2111951"
"37550K","DL이앤씨우","KOSPI",,"23650","50","0.21","24100","24100","23100","7881","183947250","49993380250","2113885"
"068790","DMS","KOSDAQ","관리종목(소속부없음)","6330","0","0.00","0","0","0","0","0","149939488590","23687123"
"007340","DN오토모티브","KOSPI",,"23300","500","2.19","22750","23300","22450","60752","1387831250","1363303154500","58510865"
"004840","DRB동일","KOSPI",,"5350","-140","-2.55","5400","5420","5210","29408","156471760","106625500000","19930000"
"241520","DSC인베스트먼트","KOSDAQ","중견기업부","7210","-190","-2.57","7430","7520","7150","244824","1770428310","194670000000","27000000"
"155660","DSR","KOSPI",,"4015","-15","-0.37","4040","4040","4005","9256","37191760","64240000000","16000000"
"069730","DSR제강","KOSPI",,"3690","-15","-0.40","3720","3720","3675","3365","12420980","53136000000","14400000"
"017860","DS단석","KOSPI",,"25350","100","0.40","25400","25700","24800","72881","1833341375","445759774200","17584212"
"180400","DXVX","KOSDAQ","관리종목(소속부없음)","1895","-14","-0.73","1909","1944","1860","79782","152470129","93270823640","49219432"
"092780","DYP","KOSPI",,"4380","-95","-2.12","4475","4930","4315","775163","3618222717","57677854800","13168460"
"017940","E1","KOSPI",,"83300","-100","-0.12","84200","84200","80600","17040","1393510600","571438000000","6860000"
"418620","E8","KOSDAQ","기술성장기업부","4925","-375","-7.08","5320","5360","4870","579907","2895459490","63288599225","12850477"
"245620","EDGC","KOSDAQ","관리종목(소속부없음)","415","0","0.00","0","0","0","0","0","57474989665","138493951"
"037370","EG","KOSDAQ","벤처기업부","5955","25","0.42","6080","6080","5850","13376","78945135","51361708260","8624972"
"278990","EMB","KONEX","일반기업부","3090","120","4.04","3100","3100","2800","2277","7006095","14945807790","4836831"
"365550","ESR켄달스퀘어리츠","KOSPI",,"4230","25","0.59","4205","4240","4190","379553","1601143375","901366470000","213089000"
"050120","ES큐브","KOSDAQ","중견기업부","2760","-110","-3.83","2850","2930","2700","25681","71073450","37436877360","13564086"
"383220","F&F","KOSPI",,"82200","1000","1.23","80800","82200","80300","42626","3474865650","3148841565000","38307075"
"007700","F&F홀딩스","KOSPI",,"22650","-850","-3.62","23650","23650","21600","187184","4167573525","885940412550","39114367"
"214270","FSN","KOSDAQ","중견기업부","3240","-130","-3.86","3405","3405","3200","390483","1272423735","133064101080","41069167"
"130500","GH신소재","KOSDAQ","우량기업부","2925","-15","-0.51","2955","2955","2865","94606","274729426","42544277100","14545052"
"114090","GKL","KOSPI",,"15470","690","4.67","14780","15580","14740","374100","5680759070","956907214900","61855670"
"900290","GRT","KOSDAQ","외국기업(소속부없음)","2920","-80","-2.67","3020","3045","2900","204083","598438473","236082000000","80850000"
"078930","GS","KOSPI",,"48250","-500","-1.03","48950","49000","46850","228871","10972160850","4483166988500","92915378"
"083450","GST","KOSDAQ","우량기업부","19100","-210","-1.09","19250","19280","18850","123639","2351856710","352013000000","18430000"
"006360","GS건설","KOSPI",,"21000","150","0.72","20850","21100","20450","333421","6923418875","1797211290000","85581490"
"001250","GS글로벌","KOSPI",,"2720","-30","-1.09","2750","2755","2695","582639","1580895109","224491838080","82533764"
"007070","GS리테일","KOSPI",,"17220","130","0.76","17100","17240","16920","105495","1803589970","1439719686300","83607415"
"078935","GS우","KOSPI",,"44300","-300","-0.67","44600","44700","43450","9800","430702150","79067791800","1784826"
"499790","GS피앤엘","KOSPI",,"35500","-550","-1.53","36250","36250","34450","99065","3478956200","703994855500","19830841"
"297890","HB솔루션","KOSDAQ","우량기업부","2355","-40","-1.67","2415","2415","2305","388438","907633074","172246852470","73140914"
"440290","HB인베스트먼트","KOSDAQ","중견기업부","2170","-30","-1.36","2185","2205","2145","75610","163306562","58822211700","27107010"
"078150","HB테크놀러지","KOSDAQ","우량기업부","1879","-26","-1.36","1905","1914","1860","803130","1505186418","174213206164","92715916"
"012630","HDC","KOSPI",,"23100","-1400","-5.71","24550","24550","22800","211742","4913733550","1380033755100","59741721"
"039570","HDC랩스","KOSPI",,"9690","160","1.68","9680","10410","9540","121398","1198528090","251529153690","25957601"
"089470","HDC현대EP","KOSPI",,"3965","-10","-0.25","3980","4020","3935","10974","43369950","126483500000","31900000"
"294870","HDC현대산업개발","KOSPI",,"22650","-350","-1.52","23100","23100","22150","328517","7352328600","1492801024500","65907330"
"009540","HD한국조선해양","KOSPI",,"342500","-22500","-6.16","361000","364500","337000","342022","118187012000","24239792230000","70773116"
"267250","HD현대","KOSPI",,"124200","-6300","-4.83","130800","130800","121100","425535","52576460400","9810941157000","78993085"
"267270","HD현대건설기계","KOSPI",,"88200","12700","16.82","81300","89800","79500","2928404","252077481150","1557769789800","17661789"
"443060","HD현대마린솔루션","KOSPI",,"201500","-7000","-3.36","204500","209000","198500","70712","14254611100","9033085815000","44829210"
"071970","HD현대마린엔진","KOSPI",,"48100","-1900","-3.80","50000","50000","47550","374789","18110583525","1631623909500","33921495"
"010620","HD현대미포","KOSPI",,"193900","-14100","-6.78","206500","209500","192100","368589","72561366800","7744782691100","39942149"
"322000","HD현대에너지솔루션","KOSPI",,"44050","-100","-0.23","44750","45350","43450","80620","3569640000","493360000000","11200000"
"042670","HD현대인프라코어","KOSPI",,"13040","540","4.32","12940","13150","12180","8679409","111380338375","2511387057280","192591032"
"267260","HD현대일렉트릭","KOSPI",,"480500","-27500","-5.41","501000","502000","471500","214670","103874026000","17320648367500","36047135"
"329180","HD현대중공업","KOSPI",,"403000","-17500","-4.16","419000","420000","400000","167530","68458120750","35775565748000","88773116"
"097230","HJ중공업","KOSPI",,"7550","-330","-4.19","7820","7820","7510","520725","3967174870","628720821550","83274281"
"195940","HK이노엔","KOSDAQ GLOBAL","우량기업부","42750","150","0.35","42800","43300","42400","104232","4459991900","1211102840250","28329891"
"014790","HL D&I","KOSPI",,"2735","-85","-3.01","2800","2800","2705","57848","158399910","103543273735","37858601"
"028300","HLB","KOSDAQ","중견기업부","49900","-200","-0.40","49850","50300","49050","223347","11070344525","6558380203500","131430465"
"003580","HLB글로벌","KOSPI",,"2610","-15","-0.57","2625","2645","2590","73320","190957830","131326268580","50316578"
"278650","HLB바이오스텝","KOSDAQ","중견기업부","1486","14","0.95","1474","1489","1462","119212","175367445","129290230954","87005539"
"343090","HLB사이언스","KONEX","일반기업부","994","16","1.64","998","1006","981","1373","1367650","17734760134","17841811"
"067630","HLB생명과학","KOSDAQ","투자주의환기종목(소속부없음)","4950","30","0.61","4920","4975","4830","169135","826477994","603489437100","121917058"
"024850","HLB이노베이션","KOSDAQ","중견기업부","1862","49","2.70","1813","1865","1800","165925","302638692","268694277026","144304123"
"187420","HLB제넥스","KOSDAQ","기술성장기업부","3180","35","1.11","3145","3180","3105","34099","107463088","92652104760","29135882"
"047920","HLB제약","KOSDAQ","기술성장기업부","17410","-10","-0.06","17490","17490","17130","40872","707010815","570897507960","32791356"
"115450","HLB테라퓨틱스","KOSDAQ","중견기업부","4765","-90","-1.85","4860","4880","4695","600447","2853910587","402027348030","84370902"
"046210","HLB파나진","KOSDAQ","벤처기업부","2045","47","2.35","2025","2045","1980","69580","139770148","92078325420","45026076"
"196300","HLB펩","KOSDAQ","관리종목(소속부없음)","8630","0","0.00","8630","8690","8530","19783","169942200","80202024740","9293398"
"204320","HL만도","KOSPI",,"33900","200","0.59","33900","34050","33300","313580","10579492275","1591846368000","46957120"
"060980","HL홀딩스","KOSPI",,"41350","-750","-1.78","42200","42200","40650","10149","418718100","388850313950","9403877"
"011200","HMM","KOSPI",,"23250","-50","-0.21","23650","23750","23000","1228975","28555140500","23832168282000","1025039496"
"403870","HPSP","KOSDAQ GLOBAL","우량기업부","26950","-750","-2.71","27400","27500","26800","253179","6842042725","2250286407600","83498568"
"036640","HRS","KOSDAQ","우량기업부","5460","-50","-0.91","5550","5550","5410","44003","239382805","89297208000","16354800"
"035000","HS애드","KOSPI",,"7940","60","0.76","7990","7990","7780","13198","103554440","131545227460","16567409"
"002460","HS화성","KOSPI",,"11210","-160","-1.41","11380","11380","11140","8631","96514730","113781500000","10150000"
"487570","HS효성","KOSPI",,"85300","-6300","-6.88","96400","100800","82000","450628","40195047550","317821573100","3725927"
"298050","HS효성첨단소재","KOSPI",,"229500","6500","2.91","225000","231000","218000","29789","6738709750","1028148066000","4479948"
"442770","IBKS제21호스팩","KOSDAQ","SPAC(소속부없음)","2155","0","0.00","0","0","0","0","0","9072550000","4210000"
"448760","IBKS제22호스팩","KOSDAQ","SPAC(소속부없음)","2275","0","0.00","0","0","0","0","0","10078250000","4430000"
"467930","IBKS제23호스팩","KOSDAQ","SPAC(소속부없음)","2180","20","0.93","2175","2180","2170","2354","5122620","9221400000","4230000"
"469480","IBKS제24호스팩","KOSDAQ","SPAC(소속부없음)","2150","-10","-0.46","2160","2160","2150","6847","14746260","9094500000","4230000"
"003560","IHQ","KOSPI",,"10760","0","0.00","0","0","0","0","0","76220934800","7083730"
"015360","INVENI","KOSPI",,"56200","-500","-0.88","56700","57200","55300","4683","261472800","337200000000","6000000"
"095340","ISC","KOSDAQ GLOBAL","우량기업부","58100","-600","-1.02","58200","59300","57300","109502","6350094300","1231549069800","21197058"
"175330","JB금융지주","KOSPI",,"21500","850","4.12","20500","21500","20500","513169","10889364975","4169021398000","193907972"
"950170","JTC","KOSDAQ","외국기업(소속부없음)","6850","290","4.42","6590","6990","6215","504654","3357442835","354462483800","51746348"
"234080","JW생명과학","KOSPI",,"12200","0","0.00","12230","12250","12050","23432","284711595","193181558800","15834554"
"067290","JW신약","KOSDAQ","중견기업부","1639","-22","-1.32","1665","1666","1610","102633","167191834","87483470514","53376126"
"001060","JW중외제약","KOSPI",,"22750","200","0.89","22700","22900","22400","32015","724168575","529754907500","23285930"
"001067","JW중외제약2우B","KOSPI",,"63900","0","0.00","63900","63900","63900","1","63900","13417274700","209973"
"001065","JW중외제약우","KOSPI",,"28750","150","0.52","28750","28750","28750","1","28750","9831091250","341951"
"096760","JW홀딩스","KOSPI",,"3650","5","0.14","3730","3730","3585","111583","408376846","269826038300","73924942"
"035900","JYP Ent.","KOSDAQ GLOBAL","우량기업부","74000","-600","-0.80","75000","76500","72900","315933","23546898450","2629404408000","35532492"
"318000","KBG","KOSDAQ","벤처기업부","4545","65","1.45","4480","4580","4400","4521","20120320","39724313535","8740223"
"024840","KBI메탈","KOSDAQ","중견기업부","2050","5","0.24","2050","2110","2015","1715639","3547592543","71563857950","34909199"
"105560","KB금융","KOSPI",,"112600","1800","1.62","111200","112900","110100","927732","103583714550","42952632797800","381462103"
"415640","KB발해인프라","KOSPI",,"8000","-160","-1.96","8060","8060","7950","80284","642007315","980364384000","122545548"
"432320","KB스타리츠","KOSPI",,"3900","20","0.52","3885","3925","3860","122909","478286714","395515711500","101414285"
"024120","KB오토시스","KOSDAQ","중견기업부","3440","-40","-1.15","3480","3480","3425","17522","60412280","39560000000","11500000"
"455250","KB제25호스팩","KOSDAQ","SPAC(소속부없음)","2135","0","0.00","2130","2165","2130","9880","21290590","9191175000","4305000"
"464680","KB제27호스팩","KOSDAQ","SPAC(소속부없음)","2020","0","0.00","2020","2030","2020","18394","37259552","26068100000","12905000"
"476470","KB제28호스팩","KOSDAQ","SPAC(소속부없음)","2195","0","0.00","0","0","0","0","0","12083475000","5505000"
"478390","KB제29호스팩","KOSDAQ","SPAC(소속부없음)","2075","0","0.00","2070","2075","2060","3046","6290494","12906500000","6220000"
"486630","KB제30호스팩","KOSDAQ","SPAC(소속부없음)","2090","5","0.24","2080","2100","2075","2027","4237785","11097900000","5310000"
"492220","KB제31호스팩","KOSDAQ","SPAC(소속부없음)","2000","0","0.00","0","0","0","0","0","12420000000","6210000"
"002380","KCC","KOSPI",,"321000","-1500","-0.47","324500","327000","314000","18371","5859755500","2852557191000","8886471"
"021320","KCC건설","KOSDAQ","우량기업부","5550","-10","-0.18","5600","5710","5440","47267","262532390","118770000000","21400000"
"344820","KCC글라스","KOSPI",,"33300","-100","-0.30","33650","33650","32550","31812","1044956725","531818049600","15970512"
"009070","KCTC","KOSPI",,"5500","310","5.97","5300","6250","5150","21640426","126164532075","165000000000","30000000"
"009440","KC그린홀딩스","KOSPI",,"756","0","0.00","0","0","0","0","0","17568790596","23239141"
"112190","KC산업","KONEX","일반기업부","1125","-95","-7.79","1121","1299","1121","4","4753","8015909625","7125253"
"119650","KC코트렐","KOSPI",,"918","0","0.00","0","0","0","0","0","100782913662","109785309"
"044180","KD","KOSDAQ","중견기업부","602","6","1.01","596","620","580","158259","93726967","16084114998","26717799"
"092220","KEC","KOSPI",,"793","-7","-0.88","800","803","782","383713","302886826","159205170813","200763141"
"046440","KG모빌리언스","KOSDAQ","우량기업부","5320","-120","-2.21","5470","5510","5220","244841","1304531365","202217466640","38010802"
"003620","KG모빌리티","KOSPI",,"3605","35","0.98","3575","3610","3525","122891","438960174","729561557760","202374912"
"016380","KG스틸","KOSPI",,"6260","-20","-0.32","6280","6280","6150","76939","476938720","626055695220","100008897"
"151860","KG에코솔루션","KOSDAQ","우량기업부","6430","50","0.78","6410","6640","6260","180103","1150506730","306087302860","47603002"
"035600","KG이니시스","KOSDAQ","우량기업부","10890","-250","-2.24","11190","11200","10810","143453","1570761760","300067786260","27554434"
"001390","KG케미칼","KOSPI",,"4800","-75","-1.54","4875","4900","4715","273483","1303689103","328651392000","68469040"
"226360","KH 건설","KOSDAQ","투자주의환기종목(소속부없음)","2555","0","0.00","0","0","0","0","0","67617390260","26464732"
"111870","KH 미래물산","KOSDAQ","관리종목(소속부없음)","8910","0","0.00","0","0","0","0","0","62746456410","7042251"
"033180","KH 필룩스","KOSPI",,"5310","0","0.00","0","0","0","0","0","138166306200","26020020"
"060720","KH바텍","KOSDAQ","벤처기업부","10620","-40","-0.38","10660","10660","10430","40999","430280115","251454434040","23677442"
"001940","KISCO홀딩스","KOSPI",,"25300","-900","-3.44","26200","26200","25000","16878","428637525","358662414000","14176380"
"058400","KNN","KOSDAQ","우량기업부","762","-7","-0.91","773","773","758","95652","73105795","100911446640","132429720"
"025000","KPX케미칼","KOSPI",,"48700","-150","-0.31","48800","48850","48200","4187","203156825","235708000000","4840000"
"092230","KPX홀딩스","KOSPI",,"69000","200","0.29","68800","69100","67500","4634","315967200","291500574000","4224646"
"000040","KR모터스","KOSPI",,"416","6","1.46","421","421","410","38206","15808795","25015273088","60132868"
"044450","KSS해운","KOSPI",,"9810","140","1.45","9720","9820","9540","33925","328548995","226472482800","23085880"
"101000","KS인더스트리","KOSDAQ","중견기업부","2240","5","0.22","2200","2260","2150","197161","432501375","74920836480","33446802"
"030200","KT","KOSPI",,"57000","-300","-0.52","56800","57500","55400","335835","19095397100","14365236045000","252021685"
"033780","KT&G","KOSPI",,"129100","1900","1.49","126300","130200","126200","316925","40899819150","15758268362700","122062497"
"058850","KTcs","KOSPI",,"2805","-35","-1.23","2830","2840","2790","184832","518175882","119731425000","42685000"
"058860","KTis","KOSPI",,"2845","-15","-0.52","2870","2870","2815","184796","522415800","99011690000","34802000"
"089600","KT나스미디어","KOSDAQ","우량기업부","17450","110","0.63","17350","17530","17190","23895","415888660","201864444350","11568163"
"418470","KT밀리의서재","KOSDAQ","벤처기업부","16930","-10","-0.06","16800","17140","15760","45915","765268800","143892962770","8499289"
"043610","KT지니뮤직","KOSDAQ","우량기업부","2190","0","0.00","2195","2210","2160","34729","75493740","127272809220","58115438"
"122450","KX","KOSDAQ","중견기업부","5040","410","8.86","4630","5620","4570","15798900","81959474112","225891963360","44819834"
"052900","KX하이텍","KOSDAQ","우량기업부","1001","1","0.10","1002","1057","978","759887","764022138","55162624517","55107517"
"036560","KZ정밀","KOSDAQ","우량기업부","12310","-160","-1.28","12510","12510","12280","13206","163015480","193882500000","15750000"
"061970","LB세미콘","KOSDAQ","중견기업부","3540","-70","-1.94","3570","3610","3515","66278","234401901","205613841240","58083006"
"309960","LB인베스트먼트","KOSDAQ","벤처기업부","4865","-175","-3.47","5090","5090","4810","100340","489650280","112951867735","23217239"
"093050","LF","KOSPI",,"18330","90","0.49","18240","18350","17810","54441","982203435","535969200000","29240000"
"003550","LG","KOSPI",,"82100","-900","-1.08","82800","83600","80600","204381","16709187750","12910320646500","157251165"
"034220","LG디스플레이","KOSPI",,"9070","-80","-0.87","9150","9230","8960","721600","6534707160","4535000000000","500000000"
"051900","LG생활건강","KOSPI",,"324000","3500","1.09","320500","325000","318000","35175","11307710750","5060295828000","15618197"
"051905","LG생활건강우","KOSPI",,"135900","3800","2.88","132000","136300","131700","6683","895803400","285348822300","2099697"
"064400","LG씨엔에스","KOSPI",,"81000","200","0.25","84600","84900","80500","1052973","86803730500","7847761788000","96885948"
"373220","LG에너지솔루션","KOSPI",,"301000","3500","1.18","295500","301750","291500","210727","62796778500","70434000000000","234000000"
"003555","LG우","KOSPI",,"64100","-600","-0.93","64700","64800","63100","8219","522154550","193017855900","3011199"
"032640","LG유플러스","KOSPI",,"14455","75","0.52","14270","14500","14270","604947","8719872335","6311217223255","436611361"
"011070","LG이노텍","KOSPI",,"152700","2400","1.60","151300","153100","148500","127283","19233765150","3613967238900","23667107"
"066570","LG전자","KOSPI",,"76100","700","0.93","75400","76200","74600","328509","24751269750","12453598645400","163647814"
"066575","LG전자우","KOSPI",,"38150","500","1.33","37650","38300","37200","39052","1474465050","655645594800","17185992"
"037560","LG헬로비전","KOSPI",,"2840","-5","-0.18","2845","2850","2770","252287","706096920","219949096600","77446865"
"051910","LG화학","KOSPI",,"239500","10500","4.59","227000","240000","226500","430964","100714824750","16906866148500","70592343"
"051915","LG화학우","KOSPI",,"119900","4200","3.63","115600","120400","114200","85804","10131935250","921887120000","7688800"
"079550","LIG넥스원","KOSPI",,"515000","-23000","-4.28","533000","542000","506000","119536","61704173500","11330000000000","22000000"
"225190","LK삼양","KOSDAQ","중견기업부","2175","-30","-1.36","2205","2205","2120","316813","681118228","110377857000","50748440"
"006260","LS","KOSPI",,"187300","-23700","-11.23","205000","205500","184100","681776","129593224700","6031060000000","32200000"
"010120","LS ELECTRIC","KOSPI",,"282000","-13500","-4.57","293000","294500","277000","195603","55328239250","8460000000000","30000000"
"000680","LS네트웍스","KOSPI",,"4155","-255","-5.78","4430","4435","4085","1126237","4731647454","327426531480","78803016"
"060370","LS마린솔루션","KOSDAQ","우량기업부","32000","-100","-0.31","31850","32100","30900","210720","6638403675","1045403328000","32668854"
"417200","LS머트리얼즈","KOSDAQ","중견기업부","10900","-180","-1.62","11190","11190","10710","188157","2044148555","737413983100","67652659"
"229640","LS에코에너지","KOSPI",,"33500","-1500","-4.29","35000","35050","32850","171161","5728598125","1025933446500","30624879"
"078020","LS증권","KOSDAQ","우량기업부","5080","-150","-2.87","5240","5370","4990","270895","1378250185","281844445200","55481190"
"322180","LS티라유텍","KOSDAQ","벤처기업부","5400","-100","-1.82","5550","5560","5340","98413","531202760","112978713600","20921984"
"108320","LX세미콘","KOSPI",,"65600","-700","-1.06","66600","66700","64700","17302","1134630300","1066938080000","16264300"
"001120","LX인터내셔널","KOSPI",,"31350","-650","-2.03","32450","32500","31250","123970","3915119250","1215126000000","38760000"
"108670","LX하우시스","KOSPI",,"31700","300","0.96","31400","31700","30900","13072","408222800","284275139000","8967670"
"108675","LX하우시스우","KOSPI",,"18820","30","0.16","18790","19080","18790","796","15011410","19428450600","1032330"
"383800","LX홀딩스","KOSPI",,"10010","10","0.10","10270","10290","9720","553392","5501054930","763569706900","76280690"
"38380K","LX홀딩스1우","KOSPI",,"9360","0","0.00","9430","9540","9160","6008","55888155","13715067600","1465285"
"476080","M83","KOSDAQ","중견기업부","13900","200","1.46","13700","13990","13630","31707","437570665","108211500000","7785000"
"086960","MDS테크","KOSDAQ","중견기업부","1342","-14","-1.03","1351","1355","1321","782799","1042463372","124566839496","92821788"
"023150","MH에탄올","KOSPI",,"5320","10","0.19","5310","5350","5290","1281","6795540","39253758320","7378526"
"035420","NAVER","KOSPI",,"251500","-10500","-4.01","263000","263500","250000","1488443","377884367000","39846907512000","158437008"
"160550","NEW","KOSDAQ","중견기업부","2165","-45","-2.04","2220","2240","2145","105098","227591845","60416719490","27906106"
"053290","NE능률","KOSDAQ","투자주의환기종목(소속부없음)","2590","0","0.00","2600","2610","2550","60827","156203225","42803135130","16526307"
"181710","NHN","KOSPI",,"29250","-150","-0.51","30200","30250","28900","57157","1675835825","987659097750","33766123"
"060250","NHN KCP","KOSDAQ","우량기업부","10810","-750","-6.49","12250","12250","10770","1096148","12363498980","434136204910","40160611"
"104200","NHN벅스","KOSDAQ","중견기업부","3100","-50","-1.59","3155","3155","3040","26059","80442010","45965405000","14827550"
"400760","NH올원리츠","KOSPI",,"3530","-20","-0.56","3550","3550","3530","62047","219409425","154500644640","43767888"
"005940","NH투자증권","KOSPI",,"19960","-140","-0.70","20100","20250","19820","467808","9343555750","6468762647800","324086305"
"005945","NH투자증권우","KOSPI",,"17830","-170","-0.94","18000","18020","17730","74647","1331426135","336469359440","18870968"
"338100","NH프라임리츠","KOSPI",,"4720","70","1.51","4655","4745","4655","109027","512213317","88075200000","18660000"
"034310","NICE","KOSPI",,"13070","-150","-1.13","13320","13320","12740","126090","1623554750","485268736940","37128442"
"063570","NICE인프라","KOSDAQ","우량기업부","4730","-10","-0.21","4740","4745","4665","44274","208102230","161518753440","34147728"
"030190","NICE평가정보","KOSPI",,"16860","120","0.72","16730","16900","16600","66329","1114185160","1003281157980","59506593"
"008260","NI스틸","KOSPI",,"3770","-40","-1.05","3790","3790","3710","31704","118455643","107822441090","28600117"
"004250","NPC","KOSPI",,"4380","-35","-0.79","4415","4510","4320","33912","148038400","160833600000","36720000"
"004255","NPC우","KOSPI",,"2625","35","1.35","2595","2650","2575","5447","14221545","13860000000","5280000"
"222160","NPX","KOSDAQ","관리종목(소속부없음)","8040","0","0.00","0","0","0","0","0","79551289560","9894439"
"456040","OCI","KOSPI",,"57000","100","0.18","57800","57800","56000","34894","1978323500","510292215000","8952495"
"010060","OCI홀딩스","KOSPI",,"75600","-200","-0.26","76600","77200","74200","81354","6116339650","1422407725200","18814917"
"178920","PI첨단소재","KOSPI",,"18200","110","0.61","18000","18240","17700","96389","1727052940","534467060400","29366322"
"001340","PKC","KOSPI",,"5920","70","1.20","5870","5960","5770","80824","470866850","265916969440","44918407"
"024940","PN풍년","KOSDAQ","벤처기업부","4845","125","2.65","4720","4865","4640","142689","680706347","48450000000","10000000"
"005490","POSCO홀딩스","KOSPI",,"281500","5500","1.99","278500","281500","274000","348897","97169371500","22782625988000","80932952"
"332570","PS일렉트로닉스","KOSDAQ","벤처기업부","3170","-50","-1.55","3225","3240","3115","511029","1619831863","140038934400","44176320"
"218410","RFHIC","KOSDAQ","우량기업부","26650","-1350","-4.82","27750","28000","26550","238601","6420914525","705810379300","26484442"
"327260","RF머트리얼즈","KOSDAQ","중견기업부","5840","-160","-2.67","6000","6020","5730","22369","130636190","49250069040","8433231"
"474610","RF시스템즈","KOSDAQ","벤처기업부","4740","-220","-4.44","5070","5070","4710","322607","1561609792","63251138280","13344122"
"091340","S&K폴리텍","KOSDAQ","중견기업부","2870","-25","-0.86","2895","2895","2805","33071","93646520","33589679270","11703721"
"010950","S-Oil","KOSPI",,"62200","400","0.65","60900","62400","60500","237379","14553558650","7002649662400","112582792"
"010955","S-Oil우","KOSPI",,"40450","-100","-0.25","40550","40550","39800","11520","461098800","162686947150","4021927"
"419530","SAMG엔터","KOSDAQ","기술성장기업부","78200","-7800","-9.07","85400","88000","77600","429403","34208223700","691087026000","8837430"
"019550","SBI인베스트먼트","KOSDAQ","벤처기업부","802","-28","-3.37","833","833","793","948505","759532086","129977393150","162066575"
"950110","SBI핀테크솔루션즈","KOSDAQ","외국기업(소속부없음)","4930","0","0.00","0","0","0","0","0","118579022200","24052540"
"034120","SBS","KOSPI",,"25500","-550","-2.11","26200","26200","25400","35744","916052725","473056569000","18551238"
"003080","SB성보","KOSPI",,"2760","-5","-0.18","2765","2765","2735","31046","85295295","55255200000","20020000"
"246960","SCL사이언스","KOSDAQ","기술성장기업부","3155","-350","-9.99","3505","3550","3090","434135","1408137490","26752428125","8479375"
"099220","SDN","KOSDAQ","중견기업부","1348","-13","-0.96","1370","1370","1330","438302","588101353","87544983800","64944350"
"036540","SFA반도체","KOSDAQ","우량기업부","3110","-40","-1.27","3135","3140","3060","265950","824311561","511471542330","164460303"
"255220","SG","KOSDAQ","중견기업부","2125","35","1.67","2095","2140","2050","784058","1651970493","209673597000","98669928"
"040610","SG&G","KOSDAQ","중견기업부","1925","2","0.10","1926","1937","1894","192899","370634039","65617852300","34087196"
"049470","SGA","KOSDAQ","중견기업부","434","-6","-1.36","436","440","418","173039","74245227","25546216066","58862249"
"184230","SGA솔루션즈","KOSDAQ","벤처기업부","595","-6","-1.00","600","603","570","254897","150266826","46305137200","77823760"
"016250","SGC E&C","KOSDAQ","중견기업부","16430","-60","-0.36","16810","16930","16170","5666","92567105","82757679980","5036986"
"005090","SGC에너지","KOSPI",,"25250","250","1.00","25300","25350","24750","26811","670229700","363835658250","14409333"
"001380","SG글로벌","KOSPI",,"1695","1","0.06","1694","1703","1665","175335","295004584","76214222385","44964143"
"004060","SG세계물산","KOSPI",,"349","-4","-1.13","354","355","345","640629","223738017","70646311040","202424960"
"001770","SHD","KOSPI",,"18240","180","1.00","18060","18240","17880","3934","70672520","22159374720","1214878"
"002360","SH에너지화학","KOSPI",,"473","9","1.94","465","479","461","459382","216473277","52566254290","111133730"
"009160","SIMPAC","KOSPI",,"4915","-45","-0.91","4975","4975","4880","84753","416099970","321586071140","65429516"
"033530","SJG세종","KOSPI",,"4630","5","0.11","4635","4695","4525","35544","163395200","128811049430","27820961"
"123700","SJM","KOSPI",,"3440","60","1.78","3380","3550","3370","53632","183008963","53680849120","15604898"
"025530","SJM홀딩스","KOSPI",,"3675","25","0.68","3690","3690","3610","16963","61799160","54882479400","14934008"
"034730","SK","KOSPI",,"212500","-11500","-5.13","223000","223000","205000","498445","106028297250","15406824387500","72502703"
"357880","SKAI","KOSDAQ","기술성장기업부","2545","-70","-2.68","2665","2665","2480","966177","2441163214","86652040385","34047953"
"011790","SKC","KOSPI",,"105100","600","0.57","104800","106200","104000","159488","16758761500","3979958119800","37868298"
"018670","SK가스","KOSPI",,"279500","5000","1.82","280500","282000","272500","17227","4793586750","2584045698000","9245244"
"001740","SK네트웍스","KOSPI",,"4690","45","0.97","4720","4720","4615","475479","2216411271","1037793360380","221277902"
"006120","SK디스커버리","KOSPI",,"59900","-2000","-3.23","61900","62000","58000","137015","8019599900","1099036514500","18347855"
"006125","SK디스커버리우","KOSPI",,"43500","-800","-1.81","44450","44450","42900","4778","207275200","57091792500","1312455"
"210980","SK디앤디","KOSPI",,"9860","-90","-0.90","10030","10030","9710","27067","265484565","183567386520","18617382"
"395400","SK리츠","KOSPI",,"4660","10","0.22","4650","4665","4630","124399","579251453","1287039686840","276188774"
"302440","SK바이오사이언스","KOSPI",,"48500","100","0.21","48750","49450","48050","86799","4230665475","3800903532500","78369145"
"326030","SK바이오팜","KOSPI",,"92000","-400","-0.43","93000","95300","91400","233453","21695836450","7204819000000","78313250"
"402340","SK스퀘어","KOSPI",,"177800","-7200","-3.89","176700","179200","170800","487646","85334364900","23565764552400","132540858"
"260870","SK시그넷","KONEX","일반기업부","12700","200","1.60","12800","12840","12420","3327","42123020","235836460000","18569800"
"361610","SK아이이테크놀로지","KOSPI",,"27800","200","0.72","27300","27950","27100","104638","2882887075","1982073057600","71297592"
"100090","SK오션플랜트","KOSPI",,"20050","660","3.40","19500","20300","19010","888089","17560003740","1206615736800","60180336"
"03473K","SK우","KOSPI",,"171600","-5900","-3.32","175000","177300","165000","8946","1513400700","97148766000","566135"
"096770","SK이노베이션","KOSPI",,"118400","-8100","-6.40","121200","122700","115000","1038805","122387858500","17882517478400","151034776"
"096775","SK이노베이션우","KOSPI",,"81000","-1600","-1.94","80600","82600","77700","6944","551490200","101122506000","1248426"
"475150","SK이터닉스","KOSPI",,"24850","400","1.64","25050","25100","24300","868885","21493429475","838787943700","33754042"
"001510","SK증권","KOSPI",,"692","-12","-1.70","714","714","684","5862275","4078621436","327032398332","472590171"
"001515","SK증권우","KOSPI",,"2265","-60","-2.58","2325","2325","2225","4014","9023800","8861844210","3912514"
"285130","SK케미칼","KOSPI",,"72500","700","0.97","72000","73500","70600","76153","5492945050","1250899267500","17253783"
"28513K","SK케미칼우","KOSPI",,"29150","250","0.87","29150","29400","28150","17322","499607825","61664755350","2115429"
"017670","SK텔레콤","KOSPI",,"57900","400","0.70","56600","58000","56600","591342","34023602550","12436344068700","214790053"
"000660","SK하이닉스","KOSPI",,"278500","-7000","-2.45","283500","283500","274500","3550271","986675974250","202748658652500","728002365"
"048550","SM C&C","KOSDAQ","중견기업부","1458","-32","-2.15","1490","1496","1442","209920","306855736","141009915960","96714620"
"063440","SM Life Design","KOSDAQ","중견기업부","1598","-2","-0.13","1591","1612","1578","85312","135830907","73554588092","46029154"
"003570","SNT다이내믹스","KOSPI",,"53300","-300","-0.56","54500","54900","52000","90252","4786276950","1772368750100","33252697"
"064960","SNT모티브","KOSPI",,"31600","-100","-0.32","31500","31800","30900","25726","804074750","838672595200","26540272"
"100840","SNT에너지","KOSPI",,"37250","-2900","-7.22","40200","40600","36500","318557","11919829950","770359166750","20680783"
"036530","SNT홀딩스","KOSPI",,"56700","-3300","-5.50","63400","65100","54700","77933","4511206750","924430336200","16303886"
"067160","SOOP","KOSDAQ GLOBAL","우량기업부","90200","-500","-0.55","90600","90700","89500","28534","2574341300","1036827983400","11494767"
"005610","SPC삼립","KOSPI",,"57200","800","1.42","57600","57600","56100","9481","538962350","493579314800","8629009"
"011810","STX","KOSPI",,"3530","25","0.71","3520","3530","3450","47428","164954530","109493282310","31017927"
"465770","STX그린로지스","KOSPI",,"8750","140","1.63","8670","9380","8520","1192670","10793908735","62746530000","7171032"
"077970","STX엔진","KOSPI",,"20850","-600","-2.80","21500","21600","20700","173902","3637134075","837087113550","40148063"
"002820","SUN&L","KOSPI",,"2960","-35","-1.17","3040","3040","2960","5316","15825990","37319647440","12607989"
"289080","SV인베스트먼트","KOSDAQ","중견기업부","1655","-15","-0.90","1670","1671","1606","172340","280436932","89408841195","54023469"
"084870","TBH글로벌","KOSPI",,"1345","5","0.37","1328","1358","1300","30929","40857373","28052421555","20856819"
"002710","TCC스틸","KOSPI",,"16710","-80","-0.48","16570","16750","16280","63461","1042448650","438030876870","26213697"
"013720","THE CUBE&","KOSDAQ","중견기업부","1107","-21","-1.86","1120","1152","1090","209580","232588861","66229754301","59828143"
"089230","THE E&M","KOSDAQ","중견기업부","986","-14","-1.40","994","1008","957","138391","135199121","23992291658","24332953"
"032540","TJ미디어","KOSDAQ","우량기업부","6110","0","0.00","6060","6140","6000","10119","61332410","85122130990","13931609"
"069260","TKG휴켐스","KOSPI",,"17030","0","0.00","16950","17030","16830","36867","623871430","696162353640","40878588"
"007980","TP","KOSPI",,"1486","-22","-1.46","1503","1503","1472","131838","195723897","76046243180","51175130"
"048770","TPC","KOSDAQ","벤처기업부","2060","-65","-3.06","2125","2150","2030","41792","86311240","32337861460","15697991"
"246690","TS인베스트먼트","KOSDAQ","중견기업부","1593","-28","-1.73","1621","1623","1573","296715","471468938","66074234166","41477862"
"317240","TS트릴리온","KOSDAQ","벤처기업부","226","6","2.73","217","229","217","1306394","288580896","24236448372","107240922"
"002900","TYM","KOSPI",,"5200","-10","-0.19","5260","5270","5120","161119","838009725","234264971200","45050956"
"024070","WISCOM","KOSPI",,"2060","35","1.73","2090","2090","2020","4858","9918215","31572462280","15326438"
"057030","YBM넷","KOSDAQ","중견기업부","3545","15","0.42","3530","3570","3490","66694","234118450","57828510865","16312697"
"037270","YG PLUS","KOSPI",,"8880","70","0.79","8750","9030","8540","1247018","10987725695","563253160800","63429410"
"040300","YTN","KOSDAQ","중견기업부","3005","15","0.50","2990","3005","2970","43386","129522445","143269324900","47676980"
"051390","YW","KOSDAQ","중견기업부","3785","-25","-0.66","3810","3820","3770","2793","10587300","42980067880","11355368"
"052220","iMBC","KOSDAQ","중견기업부","3605","0","0.00","3615","3670","3550","106175","379257525","82915000000","23000000"
"139130","iM금융지주","KOSPI",,"13120","120","0.92","12930","13130","12780","429811","5555379440","2183073968960","166392833"
"079940","가비아","KOSDAQ","우량기업부","26550","-600","-2.21","27150","27150","25950","42883","1133458400","359372410200","13535684"
"078890","가온그룹","KOSDAQ","중견기업부","3275","-75","-2.24","3375","3400","3230","35329","115408488","59103505800","18046872"
"000500","가온전선","KOSPI",,"63900","-2900","-4.34","65800","66000","62700","69485","4421064100","1057105048500","16543115"
"399720","가온칩스","KOSDAQ","우량기업부","45550","-300","-0.65","46050","46050","44650","42515","1920133700","528257926000","11597320"
"296520","가이아코퍼레이션","KONEX","일반기업부","989","129","15.00","989","989","989","10","9890","4615670912","4667008"
"036620","감성코퍼레이션","KOSDAQ","우량기업부","6360","-40","-0.63","6390","6470","6210","498728","3148223175","581940000000","91500000"
"000860","강남제비스코","KOSPI",,"12630","-10","-0.08","12650","12670","11900","40404","506156320","164190000000","13000000"
"198440","강동씨앤엘","KOSDAQ","중견기업부","1195","5","0.42","1200","1221","1178","17984","21448485","72813615720","60931896"
"217730","강스템바이오텍","KOSDAQ","기술성장기업부","1514","5","0.33","1509","1518","1496","115110","173297525","84865981586","56054149"
"035250","강원랜드","KOSPI",,"18870","430","2.33","18540","18990","18510","692788","13050326230","4037057235000","213940500"
"114190","강원에너지","KOSDAQ","우량기업부","6610","-60","-0.90","6670","6670","6490","45203","296422305","172673281180","26123038"
"094480","갤럭시아머니트리","KOSDAQ","중견기업부","11350","-650","-5.42","12410","12450","11220","733794","8576737785","445258661300","39229838"
"011420","갤럭시아에스엠","KOSPI",,"2455","-45","-1.80","2525","2535","2435","227406","562518334","67634376020","27549644"
"039240","경남스틸","KOSDAQ","우량기업부","3045","-10","-0.33","3065","3065","2995","136100","411216657","82152894180","26979604"
"053950","경남제약","KOSDAQ","중견기업부","647","3","0.47","644","650","639","125234","80692229","50561340626","78147358"
"002100","경농","KOSPI",,"10140","-60","-0.59","10240","10240","10050","36794","371744605","197958910500","19522575"
"009450","경동나비엔","KOSPI",,"72000","-1000","-1.37","73500","73600","71400","26277","1888284550","1048938624000","14568592"
"267290","경동도시가스","KOSPI",,"20750","-150","-0.72","21000","21000","20450","13045","270336400","122329674500","5895406"
"012320","경동인베스트","KOSPI",,"66600","-500","-0.75","67300","68200","64800","14900","992872450","157510531800","2365023"
"011040","경동제약","KOSDAQ","중견기업부","5960","-10","-0.17","5960","5980","5940","11469","68351120","183381845360","30768766"
"000050","경방","KOSPI",,"7630","-120","-1.55","7800","7800","7540","37045","282675380","209178510100","27415270"
"214390","경보제약","KOSPI",,"5070","60","1.20","5020","5100","4970","23000","115771765","121207780200","23906860"
"012610","경인양행","KOSPI",,"3300","-20","-0.60","3340","3340","3245","38782","126938334","137334004500","41616365"
"009140","경인전자","KOSPI",,"20650","-50","-0.24","20750","20750","20450","260","5353300","32436958050","1570797"
"024910","경창산업","KOSDAQ","우량기업부","1700","32","1.92","1665","1700","1660","99394","166762300","60892308500","35819005"
"013580","계룡건설","KOSPI",,"20450","-500","-2.39","21050","21100","20250","62319","1275312950","182637048150","8930907"
"012200","계양전기","KOSPI",,"1455","0","0.00","1455","1460","1452","17547","25542596","39609216195","27222829"
"012205","계양전기우","KOSPI",,"3425","5","0.15","3470","3470","3425","155","533175","4004095575","1169079"
"002140","고려산업","KOSPI",,"2910","0","0.00","2910","2915","2865","49596","142861725","72573726750","24939425"
"049720","고려신용정보","KOSDAQ","우량기업부","10050","-60","-0.59","10100","10130","10000","48753","489627920","143715000000","14300000"
"010130","고려아연","KOSPI",,"809000","0","0.00","804000","816000","798000","13877","11188180000","16198827857000","20023273"
"002240","고려제강","KOSPI",,"18010","-100","-0.55","18110","18200","17810","11991","214642970","486270000000","27000000"
"014570","고려제약","KOSDAQ","우량기업부","4750","-50","-1.04","4800","4820","4695","35858","170071025","52250000000","11000000"
"348150","고바이오랩","KOSDAQ","기술성장기업부","4705","-50","-1.05","4730","4765","4680","31105","146161724","91365872745","19418889"
"950190","고스트스튜디오","KOSDAQ","외국기업(소속부없음)","9950","-210","-2.07","10090","10205","9810","56018","556397425","129519737050","13017059"
"098460","고영","KOSDAQ","우량기업부","15340","-220","-1.41","15610","15740","15210","772857","11851023310","1053163941700","68654755"
"035290","골드앤에스","KOSDAQ","중견기업부","403","-1","-0.25","409","409","400","40250","16212232","19213621440","47676480"
"215000","골프존","KOSDAQ GLOBAL","우량기업부","67600","200","0.30","66900","68200","66800","10347","698003200","424218054000","6275415"
"121440","골프존홀딩스","KOSDAQ","우량기업부","6080","200","3.40","5920","6640","5920","3402887","21577450250","260447853440","42836818"
"366030","공구우먼","KOSDAQ","우량기업부","4405","-15","-0.34","4455","4455","4330","100848","442136116","99790209250","22653850"
"009290","광동제약","KOSPI",,"5960","-50","-0.83","6040","6040","5890","55070","327026635","312428271960","52420851"
"086220","광동헬스바이오","KONEX","일반기업부","1417","7","0.50","1415","1556","1415","3","4388","14983166705","10573865"
"014200","광림","KOSDAQ","관리종목(소속부없음)","6040","0","0.00","0","0","0","0","0","91311391200","15117780"
"017040","광명전기","KOSPI",,"2100","20","0.96","2140","2180","2060","1024517","2169014914","91008991500","43337615"
"029480","광무","KOSDAQ","중견기업부","2330","95","4.25","2235","2370","2205","307184","711737049","131181062050","56300885"
"017900","광전자","KOSPI",,"2025","-5","-0.25","2035","2050","1986","42298","84431811","117336120075","57943763"
"037710","광주신세계","KOSPI",,"30500","0","0.00","30600","30600","30200","13838","419702325","242694295000","7957190"
"026910","광진실업","KOSDAQ","중견기업부","2890","0","0.00","2895","2975","2875","6222","18002120","18511620450","6405405"
"440790","교보13호스팩","KOSDAQ","관리종목(소속부없음)","2140","-5","-0.23","2145","2145","2130","106672","227598585","8667000000","4050000"
"456490","교보14호스팩","KOSDAQ","SPAC(소속부없음)","2145","-20","-0.92","2155","2155","2115","16926","36012335","9009000000","4200000"
"465320","교보15호스팩","KOSDAQ","SPAC(소속부없음)","2140","-30","-1.38","2165","2165","2135","11697","25090745","8153400000","3810000"
"482520","교보16호스팩","KOSDAQ","SPAC(소속부없음)","2055","0","0.00","2050","2055","2045","6459","13229598","12535500000","6100000"
"489210","교보17호스팩","KOSDAQ","SPAC(소속부없음)","2050","10","0.49","2040","2050","2040","10998","22490900","10619000000","5180000"
"030610","교보증권","KOSPI",,"8450","-190","-2.20","8700","8700","8350","115142","975809915","962987020450","113962961"
"339770","교촌에프앤비","KOSPI",,"5640","60","1.08","5620","5720","5480","111966","627819100","281803051200","49965080"
"053270","구영테크","KOSDAQ","우량기업부","2250","5","0.22","2245","2265","2220","87792","196970050","61673411250","27410405"
"007690","국도화학","KOSPI",,"37450","800","2.18","36750","37500","36150","23699","877963250","346818158400","9260832"
"001140","국보","KOSPI",,"2110","0","0.00","0","0","0","0","0","33456978680","15856388"
"066620","국보디자인","KOSDAQ","우량기업부","19570","-30","-0.15","19870","19870","19020","8499","164843325","146775000000","7500000"
"043650","국순당","KOSDAQ","중견기업부","4630","-45","-0.96","4690","4695","4590","23131","106699175","82683947520","17858304"
"006050","국영지앤엠","KOSDAQ","중견기업부","1331","-1","-0.08","1335","1338","1314","108238","143224805","46445568433","34895243"
"060480","국일신동","KOSDAQ","중견기업부","1812","-2","-0.11","1791","1814","1778","14207","25521395","20095080000","11090000"
"078130","국일제지","KOSDAQ","관리종목(소속부없음)","800","0","0.00","0","0","0","0","0","901924696800","1127405871"
"307750","국전약품","KOSDAQ","우량기업부","3600","-20","-0.55","3620","3650","3530","60577","216475909","179878068000","49966130"
"002720","국제약품","KOSPI",,"4920","55","1.13","4865","4925","4795","178344","866375862","104106373440","21159832"
"035080","그래디언트","KOSDAQ","중견기업부","14470","-50","-0.34","14520","14530","14210","18932","271236620","197900373060","13676598"
"453450","그리드위즈","KOSDAQ","벤처기업부","22500","200","0.90","22600","22800","21100","111579","2447044675","178711875000","7942750"
"204020","그리티","KOSDAQ","우량기업부","4415","140","3.27","4380","4425","4165","250507","1071543655","85875423280","19450832"
"402490","그린리소스","KOSDAQ","기술성장기업부","13430","-230","-1.68","13550","13990","13300","16083","215900320","111192932920","8279444"
"114450","그린생명과학","KOSDAQ","중견기업부","2810","-45","-1.58","2855","2855","2750","313346","870827963","56200000000","20000000"
"083420","그린케미칼","KOSPI",,"7870","-40","-0.51","7950","8090","7710","51882","406902770","188880000000","24000000"
"186230","그린플러스","KOSDAQ","벤처기업부","6790","20","0.30","6770","6800","6640","69360","465901540","74148076520","10920188"
"014530","극동유화","KOSPI",,"3460","-15","-0.43","3475","3495","3440","281195","972607206","120648193200","34869420"
"900070","글로벌에스엠","KOSDAQ","외국기업(소속부없음)","417","3","0.72","416","417","410","18361","7578039","22411234656","53743968"
"204620","글로벌텍스프리","KOSDAQ","중견기업부","6820","-10","-0.15","6760","6990","6750","398694","2735795400","479332310600","70283330"
"019660","글로본","KOSDAQ","중견기업부","2410","30","1.26","2380","2440","2275","70378","164176445","33605842530","13944333"
"014280","금강공업","KOSPI",,"4700","45","0.97","4695","4710","4625","41298","192317835","137847977900","29329357"
"014285","금강공업우","KOSPI",,"7000","-90","-1.27","7240","7240","6870","625","4358410","4129125000","589875"
"053260","금강철강","KOSDAQ","우량기업부","4470","-10","-0.22","4450","4520","4160","32653","143507633","83678400000","18720000"
"008870","금비","KOSPI",,"58100","400","0.69","58100","59500","57000","3228","186896000","58100000000","1000000"
"001570","금양","KOSPI",,"9900","0","0.00","0","0","0","0","0","633275240400","63967196"
"282720","금양그린파워","KOSDAQ","우량기업부","10280","70","0.69","10370","10520","10070","20186","205867670","124588460000","12119500"
"002990","금호건설","KOSPI",,"3475","75","2.21","3440","3500","3380","182311","624888458","128563741000","36996760"
"002995","금호건설우","KOSPI",,"12370","220","1.81","12240","12380","12240","166","2032380","3615330420","292266"
"011780","금호석유화학","KOSPI",,"118000","3800","3.33","114900","118200","113700","124442","14525474600","3122231266000","26459587"
"011785","금호석유화학우","KOSPI",,"59450","1750","3.03","57700","60000","56600","23675","1393331300","179746242700","3023486"
"214330","금호에이치티","KOSPI",,"748","-7","-0.93","755","761","739","422444","315232472","160007769988","213914131"
"001210","금호전기","KOSPI",,"1055","-33","-3.03","1090","1103","1031","152961","161251411","64939466835","61553997"
"073240","금호타이어","KOSPI",,"4695","125","2.74","4570","4735","4505","521929","2414074265","1348687047465","287260287"
"036190","금화피에스시","KOSDAQ","우량기업부","32200","-1150","-3.45","33400","33700","31900","30722","995362000","193200000000","6000000"
"049080","기가레인","KOSDAQ","벤처기업부","518","2","0.39","516","518","509","69996","36003368","43969573746","84883347"
"420770","기가비스","KOSDAQ","벤처기업부","25050","-250","-0.99","25250","25700","24700","11589","288053850","317527737900","12675758"
"035460","기산텔레콤","KOSDAQ","벤처기업부","2140","-40","-1.83","2230","2230","2110","44182","94308745","31195507600","14577340"
"092440","기신정기","KOSPI",,"2530","-20","-0.78","2570","2580","2500","20671","52122660","73876000000","29200000"
"000270","기아","KOSPI",,"100200","1500","1.52","100200","100700","98750","782311","77998243150","39846797726400","397672632"
"024110","기업은행","KOSPI",,"18440","-30","-0.16","18470","18640","18180","710158","13058613220","14704533024360","797425869"
"456700","길교이앤씨","KONEX","일반기업부","7790","0","0.00","0","0","0","0","0","7011000000","900000"
"013700","까뮤이앤씨","KOSPI",,"1125","0","0.00","1137","1137","1110","51718","57743015","67219683750","59750830"
"004540","깨끗한나라","KOSPI",,"2185","-10","-0.46","2195","2205","2145","72938","157872471","81370914205","37240693"
"004545","깨끗한나라우","KOSPI",,"11980","-10","-0.08","11990","11990","11980","5","59930","4386596800","366160"
"407400","꿈비","KOSDAQ","벤처기업부","8060","-160","-1.95","8150","8300","7620","214986","1733439180","119405144040","14814534"
"187790","나노","KOSDAQ","벤처기업부","1378","28","2.07","1350","1390","1350","270490","373096644","42498663740","30840830"
"121600","나노신소재","KOSDAQ","우량기업부","49650","-450","-0.90","49700","50000","48850","22748","1120172125","605624642700","12197878"
"286750","나노실리칸첨단소재","KOSDAQ","기술성장기업부","2260","140","6.60","2175","2435","2155","411851","941117183","48620643340","21513559"
"247660","나노씨엠에스","KOSDAQ","기술성장기업부","5640","230","4.25","5450","5730","5410","38433","214101275","24499708800","4343920"
"039860","나노엔텍","KOSDAQ","중견기업부","3500","0","0.00","3500","3515","3410","60318","208117316","112385287000","32110082"
"091970","나노캠텍","KOSDAQ","중견기업부","625","-7","-1.11","632","640","621","53838","33699861","23385933125","37417493"
"417010","나노팀","KOSDAQ","벤처기업부","5360","-80","-1.47","5390","5410","5290","21417","114399640","108064718080","20161328"
"244880","나눔테크","KONEX","일반기업부","2105","-70","-3.22","2190","2190","2060","692","1453245","10567100000","5020000"
"405920","나라셀라","KOSDAQ","중견기업부","2435","-20","-0.81","2455","2495","2420","25010","61487855","31358115060","12878076"
"288490","나라소프트","KONEX","일반기업부","105","0","0.00","0","0","0","0","0","1834515585","17471577"
"051490","나라엠앤디","KOSDAQ","우량기업부","3840","0","0.00","3840","3845","3780","29155","110788885","54528000000","14200000"
"137080","나래나노텍","KOSDAQ","벤처기업부","3030","5","0.17","3025","3040","3010","3035","9186025","33510048660","11059422"
"190510","나무가","KOSDAQ","우량기업부","13780","-20","-0.14","13800","13890","13600","25097","342522030","202357701520","14684884"
"242040","나무기술","KOSDAQ","기술성장기업부","1664","9","0.54","1660","1709","1643","170428","282793973","57584823296","34606264"
"293580","나우IB","KOSDAQ","벤처기업부","1405","-16","-1.13","1421","1428","1379","498837","693753858","133376579750","94929950"
"459510","나우로보틱스","KOSDAQ","기술성장기업부","19190","-910","-4.53","20200","20200","18980","184397","3557292590","240790977080","12547732"
"257990","나우코스","KONEX","일반기업부","6470","-20","-0.31","6470","6470","6200","40","252700","38117306240","5891392"
"138610","나이벡","KOSDAQ","기술성장기업부","25050","-350","-1.38","25600","25750","24650","57485","1440334850","283206757950","11305659"
"130580","나이스디앤비","KOSDAQ","우량기업부","5470","20","0.37","5520","5520","5340","4170","22433550","84238000000","15400000"
"036800","나이스정보통신","KOSDAQ","우량기업부","22225","125","0.57","22250","22300","21850","9695","214041250","222250000000","10000000"
"267320","나인테크","KOSDAQ","벤처기업부","4660","-60","-1.27","5000","5300","4620","8810579","43714905528","250315110740","53715689"
"001260","남광토건","KOSPI",,"9230","0","0.00","9210","9280","8840","25009","225077745","90754639560","9832572"
"008350","남선알미늄","KOSPI",,"1216","0","0.00","1215","1217","1205","383845","464217783","156960173440","129079090"
"008355","남선알미우","KOSPI",,"12780","-220","-1.69","13100","13100","12710","631","8027450","3934834200","307890"
"004270","남성","KOSPI",,"1101","-6","-0.54","1107","1107","1089","39737","43470679","39869588160","36212160"
"003920","남양유업","KOSPI",,"64900","0","0.00","65300","65700","64000","6779","437912300","397924355400","6131346"
"003925","남양유업우","KOSPI",,"42800","-50","-0.12","43000","43300","41250","5819","246302875","85600000000","2000000"
"025860","남해화학","KOSPI",,"7950","-110","-1.36","8020","8090","7880","122005","968005130","394946801850","49678843"
"111710","남화산업","KOSDAQ","중견기업부","4825","-35","-0.72","4860","4950","4800","9709","46823770","99337100000","20588000"
"091590","남화토건","KOSDAQ","우량기업부","4255","-130","-2.96","4335","4380","4210","15881","67455487","49953700000","11740000"
"168330","내츄럴엔도텍","KOSDAQ","벤처기업부","3555","140","4.10","3450","3660","3330","235337","822564343","112888669500","31754900"
"094860","네오리진","KOSDAQ","중견기업부","1007","-1","-0.10","1018","1054","998","9145","9228774","21549365983","21399569"
"253590","네오셈","KOSDAQ","우량기업부","9210","-80","-0.86","9260","9270","9110","149841","1375733605","404035000440","43869164"
"212560","네오오토","KOSDAQ","우량기업부","9230","380","4.29","8850","9300","8710","167952","1520295855","72685908490","7874963"
"095660","네오위즈","KOSDAQ","우량기업부","24800","-250","-1.00","25000","25100","24600","35966","893071025","542049036800","21856816"
"042420","네오위즈홀딩스","KOSDAQ","중견기업부","26650","-750","-2.74","27350","27700","26050","17045","450906050","229025995900","8593846"
"950220","네오이뮨텍","KOSDAQ","외국기업(소속부없음)","1045","-1","-0.10","1047","1075","1031","548121","574470547","103316500925","98867465"
"311390","네오크레마","KOSDAQ","벤처기업부","5460","-10","-0.18","5470","5560","5370","13601","74089110","69089687940","12653789"
"085910","네오티스","KOSDAQ","중견기업부","3280","-15","-0.46","3300","3325","3255","18758","61371015","45706203040","13934818"
"092730","네오팜","KOSDAQ","우량기업부","14520","50","0.35","14530","14800","14360","51913","753775950","232726400280","16027989"
"290660","네오펙트","KOSDAQ","기술성장기업부","1691","91","5.69","1600","1918","1600","2031671","3644682282","78039863066","46150126"
"306620","네온테크","KOSDAQ","벤처기업부","2207","-43","-1.91","2285","2285","2200","159258","353372775","95924763297","43463871"
"153460","네이블","KOSDAQ","중견기업부","7720","-160","-2.03","7800","7940","7610","4220","32542110","50411708080","6530014"
"007390","네이처셀","KOSDAQ","중견기업부","28350","0","0.00","28250","28600","28050","162573","4597980550","1826733837600","64435056"
"033640","네패스","KOSDAQ","중견기업부","11110","-390","-3.39","11570","11570","10870","88343","976270035","256187734220","23059202"
"330860","네패스아크","KOSDAQ","중견기업부","13320","90","0.68","13230","13570","13100","30535","406014955","162291479400","12184045"
"351320","넥사다이내믹스","KOSDAQ","중견기업부","2210","-15","-0.67","2250","2250","2100","41374","90212450","48655108060","22015886"
"005720","넥센","KOSPI",,"6400","-190","-2.88","6590","6630","6400","36513","235512525","342681452800","53543977"
"005725","넥센우","KOSPI",,"4340","5","0.12","4295","4345","4260","2356","10103625","15626604000","3600600"
"002350","넥센타이어","KOSPI",,"6230","-10","-0.16","6180","6250","6100","61378","378750575","608470873710","97667877"
"002355","넥센타이어1우B","KOSPI",,"3320","15","0.45","3330","3335","3295","6776","22448090","21580000000","6500000"
"089140","넥스턴바이오","KOSDAQ","벤처기업부","2775","20","0.73","2755","2775","2675","38753","105068203","35622630600","12836984"
"389650","넥스트바이오메디컬","KOSDAQ","기술성장기업부","45650","-1350","-2.87","46550","47200","45300","52227","2392016275","370994628400","8126936"
"137940","넥스트아이","KOSDAQ","중견기업부","395","1","0.25","394","400","392","434982","172165261","33720751840","85368992"
"396270","넥스트칩","KOSDAQ","기술성장기업부","5280","-60","-1.12","5310","5370","5240","36687","193714850","95509603200","18088940"
"348210","넥스틴","KOSDAQ GLOBAL","우량기업부","49000","-1200","-2.39","50000","50000","48500","77258","3781658400","513373245000","10477005"
"092790","넥스틸","KOSPI",,"14300","-370","-2.52","14710","14820","14200","297872","4283045380","371828600000","26002000"
"225570","넥슨게임즈","KOSDAQ","우량기업부","14620","650","4.65","15500","15500","14290","2375060","35189090375","962875743880","65860174"
"205500","넥써쓰","KOSDAQ","중견기업부","4145","-295","-6.64","4655","4655","3985","2292635","9587787134","243384862355","58717699"
"217270","넵튠","KOSDAQ","중견기업부","8550","-350","-3.93","9070","9090","8550","115890","1006433580","399299047650","46701643"
"251270","넷마블","KOSPI",,"61400","-600","-0.97","61600","62600","60600","133294","8182903200","5277545022800","85953502"
"317860","노드메이슨","KONEX","일반기업부","5200","0","0.00","5200","5200","5200","1","5200","23468718000","4513215"
"104620","노랑풍선","KOSDAQ","중견기업부","5760","-110","-1.87","5880","5890","5670","98632","567193880","91250645760","15842126"
"090350","노루페인트","KOSPI",,"9330","10","0.11","9350","9350","9180","57372","532659625","186600000000","20000000"
"090355","노루페인트우","KOSPI",,"15710","180","1.16","16000","16000","15470","352","5530390","7275709460","463126"
"000320","노루홀딩스","KOSPI",,"24900","-600","-2.35","25750","25850","23950","158225","3897745450","330949659900","13291151"
"000325","노루홀딩스우","KOSPI",,"35850","-450","-1.24","37300","37300","35500","591","21319050","8731590150","243559"
"473980","노머스","KOSDAQ","기술성장기업부","31550","-600","-1.87","32600","32900","30600","157068","4941503600","343558109100","10889322"
"194700","노바렉스","KOSDAQ","우량기업부","18350","-1050","-5.41","19020","19570","18130","207070","3856026355","344151460800","18754848"
"285490","노바텍","KOSDAQ","벤처기업부","17660","-300","-1.67","18080","18090","17390","31296","551442280","186769175460","10575831"
"145170","노브랜드","KOSDAQ","중견기업부","5310","70","1.34","5270","5330","5230","27292","143939500","89783630550","16908405"
"229500","노브메타파마","KONEX","일반기업부","11400","100","0.88","11300","11800","11270","3616","41309640","138230050200","12125443"
"106520","노블엠앤비","KOSDAQ","투자주의환기종목(소속부없음)","411","0","0.00","0","0","0","0","0","15904036272","38695952"
"376930","노을","KOSDAQ","기술성장기업부","2105","0","0.00","2110","2250","2060","422558","892505069","77773561300","36947060"
"006280","녹십자","KOSPI",,"130200","1500","1.17","127700","130300","127500","22947","2965582850","1521587247600","11686538"
"142280","녹십자엠에스","KOSDAQ","중견기업부","4030","-20","-0.49","4050","4075","3965","56847","227774207","87619961780","21741926"
"234690","녹십자웰빙","KOSDAQ","우량기업부","9530","-60","-0.63","9640","9690","9420","86351","820072050","169179190280","17752276"
"005250","녹십자홀딩스","KOSPI",,"16360","40","0.25","16590","16590","16150","46865","765455455","769381515600","47028210"
"005257","녹십자홀딩스2우","KOSPI",,"38700","-1000","-2.52","38700","40700","37050","8891","343064850","32739813000","845990"
"004370","농심","KOSPI",,"403500","5500","1.38","399000","406500","397000","40131","16153421500","2454346047000","6082642"
"072710","농심홀딩스","KOSPI",,"85000","-900","-1.05","86700","87200","83600","9578","814134550","394212150000","4637790"
"054050","농우바이오","KOSDAQ","우량기업부","8430","60","0.72","8400","8440","8320","24560","205520790","135137629230","16030561"
"069140","누리플랜","KOSDAQ","중견기업부","1660","27","1.65","1618","1660","1593","43437","70267797","21750553380","13102743"
"040160","누리플렉스","KOSDAQ","중견기업부","3470","-5","-0.14","3535","3540","3215","115954","389421840","41832706450","12055535"
"332290","누보","KOSDAQ","벤처기업부","1264","-26","-2.02","1290","1296","1246","78194","98642741","42198390992","33384803"
"348340","뉴로메카","KOSDAQ","기술성장기업부","24600","450","1.86","24850","24850","23900","58006","1412850400","278904640200","11337587"
"060260","뉴보텍","KOSDAQ","벤처기업부","1621","-31","-1.88","1655","1665","1594","92034","147904363","21902966589","13512009"
"123840","뉴온","KOSDAQ","관리종목(소속부없음)","1174","-46","-3.77","1237","1238","1149","110165","127896758","43619156418","37154307"
"012340","뉴인텍","KOSDAQ","벤처기업부","596","1","0.17","598","603","592","79066","47151790","30757451352","51606462"
"270870","뉴트리","KOSDAQ","우량기업부","5530","30","0.55","5550","5560","5450","7285","40051450","50877238720","9200224"
"144960","뉴파워프라즈마","KOSDAQ","우량기업부","5080","0","0.00","5100","5100","4995","62259","313334835","221958529920","43692624"
"085670","뉴프렉스","KOSDAQ","우량기업부","4265","-25","-0.58","4290","4335","4200","73109","308998020","104282495665","24450761"
"064260","다날","KOSDAQ","중견기업부","6770","-580","-7.89","7210","7500","6580","14071921","98619475185","466785000800","68949040"
"340360","다보링크","KOSDAQ","중견기업부","1452","-8","-0.55","1460","1471","1423","140313","202824788","63818171868","43951909"
"039560","다산네트웍스","KOSDAQ","중견기업부","3065","30","0.99","3020","3080","2970","109144","328103471","121416851765","39613981"
"154040","다산솔루에타","KOSDAQ","중견기업부","1241","20","1.64","1221","1252","1221","13871","17194373","22276066654","17950094"
"058730","다스코","KOSPI",,"3055","30","0.99","3025","3070","3005","26888","81204320","57424654755","18796941"
"030210","다올투자증권","KOSPI",,"3595","-145","-3.88","3740","3780","3575","162340","592045485","218975426070","60911106"
"023590","다우기술","KOSPI",,"37200","-450","-1.20","37500","37800","35900","216414","7947460775","1669038152400","44866617"
"032190","다우데이타","KOSDAQ","우량기업부","20100","290","1.46","20700","20750","18260","1356312","26300205150","769830000000","38300000"
"323350","다원넥스뷰","KOSDAQ","기술성장기업부","7400","-100","-1.33","7420","7500","7330","28164","207632515","59279712800","8010772"
"068240","다원시스","KOSDAQ","벤처기업부","8680","-200","-2.25","8800","8870","8600","64201","557069115","331258633160","38163437"
"145210","다이나믹디자인","KOSPI",,"865","11","1.29","849","875","835","94236","80870073","31118179510","35974774"
"483650","달바글로벌","KOSPI",,"184800","-7700","-4.00","193400","194900","181900","183374","34232978850","2235787092000","12098415"
"464580","닷밀","KOSDAQ","기술성장기업부","2855","-205","-6.70","3020","3025","2830","561116","1623813311","52416332530","18359486"
"019680","대교","KOSPI",,"2385","-15","-0.63","2405","2405","2345","22860","54093290","202016297250","84702850"
"019685","대교우B","KOSPI",,"1304","-7","-0.53","1307","1309","1297","12606","16428624","25332794960","19426990"
"006370","대구백화점","KOSPI",,"6550","-20","-0.30","6640","6640","6520","7698","50361040","70881552050","10821611"
"008060","대덕","KOSPI",,"7920","-70","-0.88","8040","8050","7850","109727","866965500","268409988000","33890150"
"00806K","대덕1우","KOSPI",,"8820","20","0.23","8520","8870","8520","640","5536540","10692988740","1212357"
"353200","대덕전자","KOSPI",,"17000","-450","-2.58","17450","17450","16740","238295","4037057315","840087725000","49416925"
"35320K","대덕전자1우","KOSPI",,"8070","-190","-2.30","8150","8280","8030","9233","74572220","16910838330","2095519"
"000490","대동","KOSPI",,"10340","10","0.10","10430","10450","10170","151705","1557109130","272900083720","26392658"
"178600","대동고려삼","KONEX","일반기업부","2100","5","0.24","2400","2400","2100","2","4500","9344160000","4449600"
"020400","대동금속","KOSDAQ","중견기업부","6020","30","0.50","6150","6150","5990","2536","15324350","19198779320","3189166"
"008830","대동기어","KOSDAQ","중견기업부","17800","-90","-0.50","18010","18070","17430","45341","800231020","159977856000","8987520"
"048470","대동스틸","KOSDAQ","중견기업부","4120","-65","-1.55","4185","4200","4065","45077","184856215","41200000000","10000000"
"008110","대동전자","KOSPI",,"15040","0","0.00","0","0","0","0","0","157776322880","10490447"
"004780","대륙제관","KOSDAQ","우량기업부","3875","60","1.57","3840","3880","3815","24631","94706057","61624896125","15903199"
"005750","대림바스","KOSPI",,"4595","240","5.51","4355","5010","4345","911564","4325614383","76608942800","16672240"
"017650","대림제지","KOSDAQ","우량기업부","7300","-20","-0.27","7390","7390","7250","2220","16221660","65700000000","9000000"
"006570","대림통상","KOSPI",,"2825","-45","-1.57","2870","2980","2680","57870","165589890","43010625000","15225000"
"389260","대명에너지","KOSDAQ","우량기업부","25850","-400","-1.52","26600","26700","25300","58501","1516279375","463137001250","17916325"
"317850","대모","KOSDAQ","벤처기업부","7720","60","0.78","7690","7720","7620","33866","259480960","64264522400","8324420"
"290670","대보마그네틱","KOSDAQ","중견기업부","19700","850","4.51","20050","22200","19500","629915","13152952100","154795902000","7857660"
"078140","대봉엘에스","KOSDAQ","우량기업부","13590","-310","-2.23","13850","13850","13440","48827","661644780","150666608610","11086579"
"065150","대산F&B","KOSDAQ","관리종목(소속부없음)","145","0","0.00","0","0","0","0","0","23110448725","159382405"
"001680","대상","KOSPI",,"23150","50","0.22","23150","23250","22550","104412","2394642925","802101778750","34648025"
"001685","대상우","KOSPI",,"17400","-20","-0.11","17420","17420","17180","16410","283887845","23841880200","1370223"
"084690","대상홀딩스","KOSPI",,"11240","-180","-1.58","11700","11800","10880","595034","6705047980","407028927120","36212538"
"084695","대상홀딩스우","KOSPI",,"15930","-40","-0.25","16200","16200","15590","11346","179427540","14551768260","913482"
"036480","대성미생물","KOSDAQ","중견기업부","8190","40","0.49","8150","8190","8110","3847","31381410","31122000000","3800000"
"128820","대성산업","KOSPI",,"4450","5","0.11","4510","4530","4345","133724","590310700","201297877100","45235478"
"117580","대성에너지","KOSPI",,"8390","-40","-0.47","8380","8550","8320","113554","955268945","230725000000","27500000"
"027830","대성창투","KOSDAQ","벤처기업부","1883","11","0.59","1881","1889","1830","429104","794465268","101682000000","54000000"
"104040","대성파인텍","KOSDAQ","벤처기업부","1048","5","0.48","1053","1053","1026","186967","193459428","49491786376","47224987"
"129920","대성하이텍","KOSDAQ","벤처기업부","4525","-95","-2.06","4620","4655","4400","136734","617178420","62060614825","13715053"
"016710","대성홀딩스","KOSPI",,"10360","-180","-1.71","10570","10620","10220","57347","594705510","166686795240","16089459"
"442310","대신밸런스제14호스팩","KOSDAQ","관리종목(소속부없음)","2135","0","0.00","2130","2135","2130","146253","311689240","14325850000","6710000"
"457630","대신밸런스제16호스팩","KOSDAQ","SPAC(소속부없음)","2155","0","0.00","2135","2155","2135","3317","7135055","15753050000","7310000"
"471050","대신밸런스제17호스팩","KOSDAQ","SPAC(소속부없음)","2145","-5","-0.23","2150","2150","2145","402","862765","12998700000","6060000"
"478780","대신밸런스제18호스팩","KOSDAQ","SPAC(소속부없음)","2185","0","0.00","0","0","0","0","0","17283350000","7910000"
"482690","대신밸런스제19호스팩","KOSDAQ","SPAC(소속부없음)","2120","0","0.00","2110","2120","2110","1808","3824005","11903800000","5615000"
"020180","대신정보통신","KOSDAQ","중견기업부","1119","-1","-0.09","1127","1127","1106","545314","606981076","43001955885","38428915"
"003540","대신증권","KOSPI",,"24700","-450","-1.79","25200","25200","24300","93289","2302053225","1254102980000","50773400"
"003547","대신증권2우B","KOSPI",,"18560","-90","-0.48","18650","18740","18460","40651","754654680","185600000000","10000000"
"003545","대신증권우","KOSPI",,"19790","-310","-1.54","20150","20200","19670","66403","1313544160","514540000000","26000000"
"045390","대아티아이","KOSDAQ","우량기업부","5300","-80","-1.49","5370","5370","5210","452565","2387153735","373508898100","70473377"
"009190","대양금속","KOSPI",,"1683","-14","-0.82","1694","1703","1674","65721","110943448","72693187875","43192625"
"108380","대양전기공업","KOSDAQ","우량기업부","22700","-100","-0.44","22900","23650","22500","47424","1083400800","217178459100","9567333"
"014160","대영포장","KOSPI",,"1184","5","0.42","1187","1187","1168","562427","662862437","128339146016","108394549"
"047040","대우건설","KOSPI",,"4145","-80","-1.89","4265","4270","4085","1457290","6017321976","1722755834510","415622638"
"003090","대웅","KOSPI",,"23000","-750","-3.16","23650","24100","22750","65057","1508659000","1337265540000","58141980"
"069620","대웅제약","KOSPI",,"144500","-500","-0.34","145600","147200","143400","13448","1946064350","1674260087500","11586575"
"007680","대원","KOSDAQ","중견기업부","4750","-15","-0.31","4760","4760","4710","941","4453825","63870751500","13446474"
"000430","대원강업","KOSPI",,"3790","5","0.13","3785","3800","3745","38680","146278611","234980000000","62000000"
"048910","대원미디어","KOSDAQ","우량기업부","11240","-490","-4.18","11760","12030","11180","215791","2503583235","141387353040","12578946"
"005710","대원산업","KOSDAQ","우량기업부","11170","70","0.63","11100","11350","10920","28273","313389535","223819992000","20037600"
"006340","대원전선","KOSPI",,"3115","-75","-2.35","3200","3205","3060","2037164","6340845658","233560130125","74979175"
"006345","대원전선우","KOSPI",,"4095","-125","-2.96","4220","4220","4065","24467","100473435","10733814000","2621200"
"003220","대원제약","KOSPI",,"13200","-40","-0.30","13290","13290","13130","21749","286557900","296044095600","22427583"
"024890","대원화성","KOSPI",,"904","1","0.11","903","907","900","9314","8412547","37289233408","41249152"
"290380","대유","KOSDAQ","관리종목(소속부없음)","2300","0","0.00","0","0","0","0","0","56841307600","24713612"
"002880","대유에이텍","KOSPI",,"1159","-22","-1.86","1181","1184","1150","53935","62480522","54176319180","46744020"
"120240","대정화금","KOSDAQ","우량기업부","14100","-300","-2.08","14260","14260","13970","42348","596795010","101384513100","7190391"
"003310","대주산업","KOSDAQ","우량기업부","1835","15","0.82","1820","1840","1793","371825","674538742","64944962250","35392350"
"114920","대주이엔티","KONEX","일반기업부","2300","-80","-3.36","2730","2730","2050","6597","15110285","7979850000","3469500"
"078600","대주전자재료","KOSDAQ","우량기업부","69900","-1300","-1.83","70500","70800","69000","90252","6279039450","1082093450700","15480593"
"393970","대진첨단소재","KOSDAQ","벤처기업부","8820","-180","-2.00","9010","9020","8590","93048","810850690","130507952400","14796820"
"012800","대창","KOSPI",,"1441","32","2.27","1412","1470","1391","3077534","4398150015","131333459059","91140499"
"015230","대창단조","KOSPI",,"5860","-30","-0.51","5960","5960","5760","86976","508628435","167433267800","28572230"
"096350","대창솔루션","KOSDAQ","벤처기업부","527","-36","-6.39","563","563","505","5313755","2814543638","86302051743","163761009"
"140520","대창스틸","KOSDAQ","우량기업부","2440","45","1.88","2395","2455","2395","48367","117547861","51506552920","21109243"
"131220","대한과학","KOSDAQ","벤처기업부","5030","60","1.21","4995","5050","4905","29265","144852875","37496084700","7454490"
"010170","대한광통신","KOSDAQ","중견기업부","985","-48","-4.65","1033","1039","970","1124787","1121792759","107868498510","109511166"
"054670","대한뉴팜","KOSDAQ","우량기업부","7590","150","2.02","7430","7630","7420","67756","509124360","108953842800","14354920"
"001070","대한방직","KOSPI",,"6470","-100","-1.52","6590","6590","6420","7290","47149280","34291000000","5300000"
"023910","대한약품","KOSDAQ","우량기업부","30800","200","0.65","30350","30800","30200","9030","275721675","184800000000","6000000"
"006650","대한유화","KOSPI",,"88600","3200","3.75","85000","90300","84600","37765","3327500250","575900000000","6500000"
"001440","대한전선","KOSPI",,"16610","-640","-3.71","17250","17280","16380","1772084","29499217335","3096889653000","186447300"
"084010","대한제강","KOSPI",,"15960","20","0.13","15940","16090","15700","7703","122228130","373693776120","23414397"
"001790","대한제당","KOSPI",,"3000","-20","-0.66","3025","3035","2980","520390","1561037293","269089740000","89696580"
"001795","대한제당우","KOSPI",,"2520","-20","-0.79","2570","2570","2490","57947","145547375","16336555200","6482760"
"001130","대한제분","KOSPI",,"154900","1000","0.65","154000","155200","151000","2649","405685600","261781000000","1690000"
"003490","대한항공","KOSPI",,"23400","500","2.18","22900","23750","22900","2054115","48025182525","8616363467400","368220661"
"003495","대한항공우","KOSPI",,"24000","50","0.21","24050","24400","23600","7807","186976575","26659056000","1110794"
"005880","대한해운","KOSPI",,"1675","-8","-0.48","1688","1706","1648","6937444","11642013036","540601794500","322747340"
"003830","대한화섬","KOSPI",,"132000","-300","-0.23","133100","134400","131000","89","11762700","175296000000","1328000"
"016090","대현","KOSPI",,"1901","1","0.05","1906","1906","1890","49363","93573620","84180671310","44282310"
"069460","대호에이엘","KOSPI",,"1832","-3","-0.16","1835","1872","1800","229346","420548774","124271937464","67834027"
"021040","대호특수강","KOSDAQ","중견기업부","1296","-17","-1.29","1320","1344","1270","62735","80834238","28129387104","21704774"
"021045","대호특수강우","KOSDAQ","중견기업부","2740","-5","-0.18","2740","2760","2700","2517","6831535","2324868080","848492"
"067080","대화제약","KOSDAQ","중견기업부","14450","-280","-1.90","14810","14870","14260","49731","719389250","269010592500","18616650"
"298540","더네이쳐홀딩스","KOSDAQ","우량기업부","12390","40","0.32","12350","12500","12210","36609","451395280","183969891840","14848256"
"032860","더라미","KOSDAQ","중견기업부","1195","-9","-0.75","1193","1212","1170","29543","34988572","48273056285","40395863"
"214610","더바이오메드","KOSDAQ","기술성장기업부","5240","-80","-1.50","5320","5370","5190","32369","169771280","26988955360","5150564"
"475560","더본코리아","KOSPI",,"28000","-50","-0.18","28050","28200","27850","31398","879214750","412643280000","14737260"
"192080","더블유게임즈","KOSPI",,"57600","0","0.00","57500","57700","56700","28572","1632902050","1238164185600","21495906"
"393890","더블유씨피","KOSDAQ GLOBAL","기술성장기업부","7190","-110","-1.51","7440","7670","7080","582561","4256421440","243332205360","33843144"
"299170","더블유에스아이","KOSDAQ","중견기업부","1699","-56","-3.19","1755","1755","1688","143021","244255852","57649963397","33931703"
"012510","더존비즈온","KOSPI",,"70300","2300","3.38","68200","70500","67300","303803","20922526950","2135909715200","30382784"
"462860","더즌","KOSDAQ","중견기업부","4315","-295","-6.40","4665","4715","4260","3292295","14609043149","308148203955","71413257"
"224060","더코디","KOSDAQ","투자주의환기종목(소속부없음)","3205","135","4.40","3070","3300","3035","23935","76060107","16540114010","5160722"
"302920","더콘텐츠온","KONEX","일반기업부","5100","0","0.00","0","0","0","0","0","23217030900","4552359"
"043090","더테크놀로지","KOSDAQ","투자주의환기종목(소속부없음)","380","0","0.00","0","0","0","0","0","4718944500","12418275"
"213420","덕산네오룩스","KOSDAQ GLOBAL","우량기업부","33350","-1800","-5.12","35250","35250","32800","197351","6590867975","828119819650","24831179"
"317330","덕산테코피아","KOSDAQ","중견기업부","15030","-220","-1.44","15250","15250","14840","72099","1078351620","307763057520","20476584"
"077360","덕산하이메탈","KOSDAQ","우량기업부","4080","-20","-0.49","4100","4105","4000","107515","433880687","185382968160","45437002"
"004830","덕성","KOSPI",,"6030","-20","-0.33","6060","6060","5940","45088","269808090","94550400000","15680000"
"004835","덕성우","KOSPI",,"7980","-100","-1.24","8010","8060","7920","6342","50629510","11108160000","1392000"
"090410","덕신이피씨","KOSDAQ","우량기업부","1486","12","0.81","1485","1486","1468","127430","187787511","68480965170","46084095"
"263600","덕우전자","KOSDAQ","중견기업부","4685","-55","-1.16","4735","4755","4665","18031","84465615","74633502350","15930310"
"194480","데브시스터즈","KOSDAQ","벤처기업부","46750","3950","9.23","42500","46800","42400","201368","9034881100","570497262500","12203150"
"373160","데이원컴퍼니","KOSDAQ","기술성장기업부","6670","-100","-1.48","6760","6760","6570","29792","198137910","91802745100","13763530"
"263800","데이타솔루션","KOSDAQ","중견기업부","5650","-260","-4.40","5940","5940","5570","318027","1800675970","91639497000","16219380"
"199150","데이터스트림즈","KONEX","일반기업부","3050","-45","-1.45","3050","3050","3050","10","30500","13019269650","4268613"
"206560","덱스터","KOSDAQ","기술성장기업부","5880","-60","-1.01","5990","5990","5800","75025","439948030","149421007680","25411736"
"261200","덴티스","KOSDAQ","우량기업부","6620","-60","-0.90","6680","6680","6550","29520","194192605","104660214000","15809700"
"145720","덴티움","KOSPI",,"63600","1000","1.60","62700","64000","62400","35696","2252516850","703977588000","11068830"
"227420","도부","KONEX","일반기업부","1100","121","12.36","1121","1121","833","1544","1510398","41848961000","38044510"
"067990","도이치모터스","KOSDAQ","우량기업부","4605","-5","-0.11","4640","4640","4550","68588","314341835","134381037750","29181550"
"002150","도화엔지니어링","KOSPI",,"6690","-40","-0.59","6730","6730","6620","26035","173177500","225586800000","33720000"
"006620","동구바이오제약","KOSDAQ","우량기업부","5090","10","0.20","5080","5120","5010","41438","209694255","144886809280","28464992"
"100130","동국S&C","KOSDAQ","중견기업부","2890","-25","-0.86","2900","2905","2840","138653","397075615","165143270000","57143000"
"005160","동국산업","KOSDAQ","중견기업부","3820","-45","-1.16","3865","3865","3780","49759","189269340","207213921240","54244482"
"303810","동국생명과학","KOSDAQ","중견기업부","8850","-140","-1.56","9000","9060","8820","90998","806695940","141529819500","15992070"
"460850","동국씨엠","KOSPI",,"6560","80","1.23","6480","6630","6480","113894","747607985","196135183360","29898656"
"075970","동국알앤에스","KOSDAQ","중견기업부","2400","0","0.00","2400","2415","2385","26544","63477960","44160000000","18400000"
"460860","동국제강","KOSPI",,"9650","20","0.21","9630","9720","9450","83718","798724455","478717364050","49608017"
"086450","동국제약","KOSDAQ GLOBAL","우량기업부","17440","-250","-1.41","17730","17740","17350","82574","1442637145","782772338400","44883735"
"001230","동국홀딩스","KOSPI",,"8530","40","0.47","8660","8690","8410","212837","1816711830","271258119990","31800483"
"023450","동남합성","KOSPI",,"34350","100","0.29","34250","34400","34250","785","26938275","120225000000","3500000"
"004140","동방","KOSPI",,"2870","85","3.05","2810","3055","2755","9500627","27832005262","137678968420","47971766"
"240550","동방메디컬","KOSDAQ","벤처기업부","12350","-460","-3.59","12800","12900","12190","196584","2449034455","256570509000","20774940"
"099410","동방선기","KOSDAQ","벤처기업부","3350","-80","-2.33","3490","3490","3295","73436","244767180","46900000000","14000000"
"007590","동방아그로","KOSPI",,"6270","0","0.00","6290","6290","6250","1857","11639290","85382207790","13617577"
"005960","동부건설","KOSPI",,"5430","-100","-1.81","5600","5600","5370","40527","219853020","124600380090","22946663"
"005965","동부건설우","KOSPI",,"19600","-350","-1.75","19950","19950","19600","759","15044510","4424347200","225732"
"026960","동서","KOSPI",,"30450","550","1.84","30100","30600","29600","141722","4258772775","3035865000000","99700000"
"002210","동성제약","KOSPI",,"973","0","0.00","0","0","0","0","0","25900780311","26619507"
"102260","동성케미컬","KOSPI",,"4525","25","0.56","4500","4525","4440","150921","676159253","227049979275","50176791"
"033500","동성화인텍","KOSDAQ","우량기업부","24750","-1100","-4.26","25900","26200","24550","305813","7621452450","742239976500","29989494"
"025950","동신건설","KOSDAQ","우량기업부","23400","-150","-0.64","23450","24500","23000","68050","1606084375","196560000000","8400000"
"000640","동아쏘시오홀딩스","KOSPI",,"116200","-800","-0.68","118800","119000","114500","6636","767609200","759533630800","6536434"
"170900","동아에스티","KOSPI",,"48600","450","0.93","48600","49150","48000","12907","627447375","454538547000","9352645"
"088130","동아엘텍","KOSDAQ","중견기업부","2930","-15","-0.51","2980","2980","2915","6835","19977685","51231970020","17485314"
"028100","동아지질","KOSPI",,"16790","10","0.06","16750","16790","16230","26543","438145160","224809738580","13389502"
"041930","동아화성","KOSDAQ","우량기업부","6100","-30","-0.49","6110","6110","5980","35958","217017075","96380000000","15800000"
"001520","동양","KOSPI",,"645","-4","-0.62","649","649","637","301259","193218917","153951220635","238684063"
"001527","동양2우B","KOSPI",,"8560","-120","-1.38","8530","8560","8350","653","5557180","2641350640","308569"
"084670","동양고속","KOSPI",,"8780","50","0.57","8730","8990","8620","6643","57953430","25423095820","2895569"
"082640","동양생명","KOSPI",,"6780","-90","-1.31","6940","6940","6740","107360","730842680","1094011206300","161358585"
"060380","동양에스텍","KOSDAQ","우량기업부","1412","-2","-0.14","1414","1425","1405","15224","21465177","27816400000","19700000"
"001525","동양우","KOSPI",,"4255","-5","-0.12","4260","4260","4230","64","271385","2628445405","617731"
"079960","동양이엔피","KOSDAQ","우량기업부","23950","-550","-2.24","24550","24550","23150","37848","896825425","188247000000","7860000"
"008970","동양철관","KOSPI",,"1612","-52","-3.13","1690","1724","1578","33955986","56120941002","257600525780","159801815"
"228340","동양파일","KOSDAQ","중견기업부","2050","-5","-0.24","2055","2100","2025","43673","89474225","41000000000","20000000"
"088910","동우팜투테이블","KOSDAQ","우량기업부","2135","0","0.00","2135","2135","2095","17370","36698562","55150816140","25831764"
"094170","동운아나텍","KOSDAQ","우량기업부","18310","260","1.44","18070","18390","17870","49603","899841070","382860928160","20909936"
"049770","동원F&B","KOSPI",,"46400","1400","3.11","46250","46750","44600","31613","1444676125","895316768000","19295620"
"013120","동원개발","KOSDAQ","우량기업부","2945","-50","-1.67","2995","3005","2890","200366","584533174","267429854500","90808100"
"018500","동원금속","KOSPI",,"1434","59","4.29","1394","1448","1385","712635","1010720891","67046573922","46754933"
"006040","동원산업","KOSPI",,"52700","1800","3.54","53300","55400","50000","110537","5763703000","2088189226800","39624084"
"030720","동원수산","KOSPI",,"6010","-50","-0.83","6030","6140","5830","10248","61187320","27969368050","4653805"
"014820","동원시스템즈","KOSPI",,"31950","-50","-0.16","31800","32200","31400","14383","455157325","926271459900","28991282"
"014825","동원시스템즈우","KOSPI",,"18290","-20","-0.11","18310","18310","18290","33","604190","4830590190","264111"
"111380","동인기연","KOSPI",,"15990","-20","-0.12","16010","16090","15850","6563","105006235","97986720000","6128000"
"163560","동일고무벨트","KOSPI",,"7460","-60","-0.80","7460","7540","7380","34311","255327045","103694000000","13900000"
"109860","동일금속","KOSDAQ","우량기업부","8320","80","0.97","8330","8330","8160","134","1099260","75712000000","9100000"
"032960","동일기연","KOSDAQ","중견기업부","10830","-20","-0.18","10810","10830","10740","359","3870460","44604383850","4118595"
"004890","동일산업","KOSPI",,"44500","-300","-0.67","44950","45100","44250","2126","94571600","107922067500","2425215"
"023790","동일스틸럭스","KOSDAQ","중견기업부","873","18","2.11","860","883","854","29156","25095723","18488314557","21177909"
"002690","동일제강","KOSPI",,"1624","2","0.12","1622","1630","1609","4007","6470982","32967784640","20300360"
"005290","동진쎄미켐","KOSDAQ","우량기업부","31850","-500","-1.55","32250","32450","31800","271176","8684194875","1637551633900","51414494"
"025900","동화기업","KOSDAQ GLOBAL","중견기업부","8620","170","2.01","8550","8640","8380","59398","505418890","435803796700","50557285"
"000020","동화약품","KOSPI",,"6740","-60","-0.88","6800","6800","6670","39849","267764690","188258107800","27931470"
"000150","두산","KOSPI",,"563000","-42000","-6.94","599000","599000","557000","310087","176817729000","9302919105000","16523835"
"000157","두산2우B","KOSPI",,"348000","-23500","-6.33","380000","380500","345500","8612","3055095000","310777224000","893038"
"454910","두산로보틱스","KOSPI",,"61600","-1600","-2.53","62500","63100","60000","314472","19343125550","3992910768000","64819980"
"241560","두산밥캣","KOSPI",,"56800","-1000","-1.73","57700","58200","55900","317222","17935792650","5444624492000","95856065"
"034020","두산에너빌리티","KOSPI",,"61000","-1500","-2.40","62300","63000","59500","9810995","598119576600","39074229906000","640561146"
"000155","두산우","KOSPI",,"327500","-21500","-6.16","349000","349000","318500","84057","27867236000","1308841305000","3996462"
"131970","두산테스나","KOSDAQ GLOBAL","우량기업부","25400","-400","-1.55","25600","25950","24900","95065","2395989075","490911845200","19327238"
"336260","두산퓨얼셀","KOSPI",,"22900","-650","-2.76","23500","23500","22500","276586","6320402575","1499806325400","65493726"
"33626K","두산퓨얼셀1우","KOSPI",,"5880","-90","-1.51","5970","5970","5810","49580","291438125","78581496000","13364200"
"33626L","두산퓨얼셀2우B","KOSPI",,"11020","-430","-3.76","11440","11440","10830","19521","214206330","32909026000","2986300"
"016740","두올","KOSPI",,"3345","-5","-0.15","3320","3370","3300","35087","116811295","104715171480","31304984"
"073190","듀오백","KOSDAQ","중견기업부","2145","25","1.18","2140","2145","2055","26815","56401135","25671445800","11968040"
"176750","듀켐바이오","KOSDAQ","기술성장기업부","10140","-100","-0.98","10180","10330","10040","13453","135958530","288535930800","28455220"
"030350","드래곤플라이","KOSDAQ","관리종목(소속부없음)","973","0","0.00","0","0","0","0","0","13503093562","13877794"
"203650","드림시큐리티","KOSDAQ","중견기업부","3675","-105","-2.78","3775","3775","3610","479409","1762834862","185976145950","50605754"
"223250","드림씨아이에스","KOSDAQ","중견기업부","3390","-80","-2.31","3450","3495","3300","231197","779187030","80679708360","23799324"
"060570","드림어스컴퍼니","KOSDAQ","중견기업부","1960","17","0.87","1943","1988","1882","230219","447874392","148218283080","75621573"
"362990","드림인사이트","KOSDAQ","벤처기업부","2110","15","0.72","2105","2125","2075","5841","12231865","35449211140","16800574"
"192650","드림텍","KOSPI",,"5930","-60","-1.00","6010","6030","5850","126367","746402000","408517943130","68890041"
"016670","디모아","KOSDAQ","중견기업부","5090","195","3.98","5000","5180","4910","18355","92917090","25153996140","4941846"
"187870","디바이스","KOSDAQ","우량기업부","11080","-120","-1.07","11230","11230","11080","2747","30499510","77965627720","7036609"
"489730","디비금융제13호스팩","KOSDAQ","SPAC(소속부없음)","2030","-5","-0.25","2030","2045","2030","3507","7120900","12853960000","6332000"
"024090","디씨엠","KOSPI",,"13760","-80","-0.58","13890","13890","13700","1417","19451740","156864000000","11400000"
"003160","디아이","KOSPI",,"14960","-240","-1.58","15280","15290","14790","203973","3050866990","423368000000","28300000"
"092200","디아이씨","KOSPI",,"4610","-35","-0.75","4645","4660","4570","236901","1090375534","179276303090","38888569"
"110990","디아이티","KOSDAQ","우량기업부","13030","-260","-1.96","13290","13400","12560","150495","1938113165","246267000000","18900000"
"263690","디알젬","KOSDAQ","우량기업부","5500","20","0.36","5570","5570","5440","3368","18458410","62290855000","11325610"
"214680","디알텍","KOSDAQ","벤처기업부","1746","-29","-1.63","1766","1788","1719","350858","609730100","129230633484","74015254"
"347850","디앤디파마텍","KOSDAQ","기술성장기업부","122000","1600","1.33","124400","127800","117500","307192","37682213750","1320125278000","10820699"
"377190","디앤디플랫폼리츠","KOSPI",,"3175","10","0.32","3165","3180","3150","51871","163886712","280670000000","88400000"
"263720","디앤씨미디어","KOSDAQ","벤처기업부","17440","-660","-3.65","18100","18130","17400","27916","490316850","218426809120","12524473"
"376300","디어유","KOSDAQ","우량기업부","57500","-2700","-4.49","60900","61700","56500","390933","22633453400","1364958345000","23738406"
"109740","디에스케이","KOSDAQ","벤처기업부","7550","-240","-3.08","7900","7980","7530","93745","713503075","194113444500","25710390"
"031860","디에이치엑스컴퍼니","KOSDAQ","투자주의환기종목(소속부없음)","1027","-134","-11.54","1161","1179","950","465916","481854312","17635665567","17172021"
"196490","디에이테크놀로지","KOSDAQ","투자주의환기종목(소속부없음)","203","0","0.00","0","0","0","0","0","36245520080","178549360"
"066900","디에이피","KOSDAQ","중견기업부","2295","-30","-1.29","2390","2390","2280","25960","59790305","52198634385","22744503"
"092070","디엔에프","KOSDAQ","우량기업부","11990","100","0.84","11890","12050","11590","34926","411783710","138746577420","11571858"
"039840","디오","KOSDAQ","중견기업부","18690","120","0.65","18600","18770","18510","25124","468234800","268670376030","14375087"
"013570","디와이","KOSPI",,"4730","40","0.85","4740","4845","4665","121221","575048209","124491864090","26319633"
"024900","디와이덕양","KOSPI",,"2585","20","0.78","2565","2590","2515","79529","202925210","84180473300","32564980"
"219550","디와이디","KOSDAQ","관리종목(소속부없음)","536","-16","-2.90","558","558","524","489236","262059196","67052566056","125098071"
"310870","디와이씨","KOSDAQ","벤처기업부","1497","-14","-0.93","1511","1517","1491","31036","46605575","30968844687","20687271"
"210540","디와이파워","KOSPI",,"12990","-10","-0.08","13100","13110","12810","17543","226165015","143431786920","11041708"
"104460","디와이피엔에프","KOSDAQ","우량기업부","16080","-670","-4.00","16800","16820","16020","56497","918786000","172275090000","10713625"
"079810","디이엔티","KOSDAQ","우량기업부","6380","110","1.75","6320","6400","6120","122645","764377330","140539239720","22028094"
"113810","디젠스","KOSDAQ","중견기업부","1045","30","2.96","1015","1061","1007","351894","364131931","34096313295","32628051"
"043360","디지아이","KOSDAQ","벤처기업부","2420","20","0.83","2400","2445","2375","10587","25465085","21780000000","9000000"
"197140","디지캡","KOSDAQ","벤처기업부","2197","-13","-0.59","2210","2230","2195","22994","50640551","28589899338","13013154"
"068930","디지털대성","KOSDAQ","우량기업부","7410","-20","-0.27","7480","7480","7350","17753","131110645","205074284220","27675342"
"033130","디지틀조선","KOSDAQ","중견기업부","1593","10","0.63","1592","1606","1576","193815","308682453","59124620331","37115267"
"105740","디케이락","KOSDAQ","우량기업부","8040","-90","-1.11","8130","8130","7920","56059","448072890","81754844520","10168513"
"263020","디케이앤디","KOSDAQ","벤처기업부","2830","-40","-1.39","2900","2900","2810","47151","133159390","41034521730","14499831"
"290550","디케이티","KOSDAQ","우량기업부","6380","-10","-0.16","6440","6440","6260","37282","235392630","127607847400","20001230"
"066670","디티씨","KOSDAQ","중견기업부","3105","-75","-2.36","3180","3185","3105","17107","53392772","58038405390","18691918"
"187220","디티앤씨","KOSDAQ","중견기업부","2850","-5","-0.18","2920","2920","2800","23896","67373860","33339359850","11698021"
"383930","디티앤씨알오","KOSDAQ","중견기업부","3875","-45","-1.15","3920","3935","3830","45291","175190560","49538496000","12784128"
"131180","딜리","KOSDAQ","벤처기업부","1053","-7","-0.66","1066","1066","1049","4262","4509457","30905550000","29350000"
"315640","딥노이드","KOSDAQ","기술성장기업부","6100","-160","-2.56","6290","6290","6000","127421","773909690","136897834800","22442268"
"223310","딥마인드","KOSDAQ","중견기업부","6110","160","2.69","6110","7000","5900","2066959","13316182305","139548581250","22839375"
"317120","라닉스","KOSDAQ","기술성장기업부","2265","307","15.68","1958","2440","1958","1492164","3405594488","21879900000","9660000"
"462510","라메디텍","KOSDAQ","기술성장기업부","7390","-200","-2.64","7640","7640","7370","30207","224368180","64817431350","8770965"
"042510","라온시큐어","KOSDAQ","벤처기업부","11590","-330","-2.77","11920","12030","11500","43165","501708675","129867966660","11205174"
"232680","라온테크","KOSDAQ","기술성장기업부","7370","-140","-1.86","7580","7580","7200","43728","318954915","92377304580","12534234"
"418420","라온텍","KOSDAQ","기술성장기업부","3820","-110","-2.80","3930","4050","3725","198305","752177850","115889471560","30337558"
"300120","라온피플","KOSDAQ","벤처기업부","4440","-65","-1.44","4595","4595","4270","49984","220087145","92618453280","20860012"
"171120","라이온켐텍","KOSDAQ","중견기업부","2300","40","1.77","2280","2305","2260","16038","36545280","82574048000","35901760"
"388790","라이콤","KOSDAQ","벤처기업부","2445","-85","-3.36","2565","2565","2415","177433","433928690","74793388635","30590343"
"214260","라파스","KOSDAQ","기술성장기업부","15890","-260","-1.61","16120","16170","15200","46055","716959015","141777937070","8922463"
"403360","라피치","KONEX","일반기업부","6960","0","0.00","0","0","0","0","0","24008199840","3449454"
"171010","램테크놀러지","KOSDAQ","벤처기업부","4535","70","1.57","4550","4575","4345","176929","782479845","64844840320","14298752"
"084650","랩지노믹스","KOSDAQ","우량기업부","2415","15","0.63","2400","2420","2340","509535","1209505962","179289575850","74239990"
"217500","러셀","KOSDAQ","벤처기업부","1725","-18","-1.03","1743","1743","1623","26546","45495479","54875700000","31812000"
"092590","럭스피아","KONEX","일반기업부","949","74","8.46","744","949","744","187","139333","6919252002","7291098"
"038390","레드캡투어","KOSDAQ","우량기업부","11770","-70","-0.59","11950","11950","11630","20667","242064615","196804074940","16720822"
"294140","레몬","KOSDAQ","중견기업부","3940","-20","-0.51","4060","4060","3895","29722","116516273","82740000000","21000000"
"443250","레뷰코퍼레이션","KOSDAQ","벤처기업부","12020","0","0.00","12050","12050","11730","13916","165136890","133605425200","11115260"
"228670","레이","KOSDAQ","벤처기업부","7360","-130","-1.74","7490","7490","7290","31019","228421235","114176070080","15513053"
"228850","레이언스","KOSDAQ","우량기업부","6750","-80","-1.17","6840","6900","6740","5257","35574170","111989344500","16591014"
"412350","레이저쎌","KOSDAQ","기술성장기업부","3100","-25","-0.80","3130","3175","3025","20574","62929695","27053613200","8726972"
"199550","레이저옵텍","KOSDAQ","벤처기업부","7880","-100","-1.25","8080","8080","7730","57001","446739025","96654433080","12265791"
"281740","레이크머티리얼즈","KOSDAQ","우량기업부","11830","-220","-1.83","12020","12060","11760","155716","1842827585","777592382840","65730548"
"277810","레인보우로보틱스","KOSDAQ","기술성장기업부","274000","-5000","-1.79","280000","282500","270500","109930","30195836750","5315561092000","19399858"
"215100","로보로보","KOSDAQ","벤처기업부","5110","-100","-1.92","5120","5190","5010","612499","3111108985","103980599940","20348454"
"090360","로보스타","KOSDAQ","중견기업부","28250","-300","-1.05","28900","29050","28050","59497","1690727175","275437500000","9750000"
"238500","로보쓰리에이아이","KONEX","일반기업부","190","0","0.00","0","0","0","0","0","7983469780","42018262"
"108490","로보티즈","KOSDAQ","기술성장기업부","69100","-1100","-1.57","70200","71400","67000","352087","24224468850","913082839400","13213934"
"900260","로스웰","KOSDAQ","외국기업(소속부없음)","679","17","2.57","660","695","654","160052","106379492","24465244552","36031288"
"223220","로지스몬","KONEX","일반기업부","81","-5","-5.81","85","85","81","102","8662","3730145256","46051176"
"067730","로지시스","KOSDAQ","중견기업부","3400","-50","-1.45","3470","3470","3290","35707","120054670","32891334800","9673922"
"071280","로체시스템즈","KOSDAQ","우량기업부","11930","-130","-1.08","12080","12160","11720","75063","893736880","182488473790","15296603"
"376900","로킷헬스케어","KOSDAQ","기술성장기업부","15030","-1240","-7.62","16440","16680","14970","706134","10927140085","231727114170","15417639"
"032350","롯데관광개발","KOSPI",,"17440","120","0.69","17040","17490","16680","811715","13838310435","1344557326880","77096177"
"089860","롯데렌탈","KOSPI",,"34900","350","1.01","34850","35050","34150","33923","1173859500","1267197641200","36309388"
"330590","롯데리츠","KOSPI",,"3815","35","0.93","3780","3820","3765","232552","884258089","1102416292460","288968884"
"000400","롯데손해보험","KOSPI",,"1805","-25","-1.37","1825","1858","1795","582364","1061302864","560157057600","310336320"
"023530","롯데쇼핑","KOSPI",,"76500","-1000","-1.29","77000","77000","75100","48219","3670263700","2164089757500","28288755"
"020150","롯데에너지머티리얼즈","KOSPI",,"22400","250","1.13","22250","22400","21850","36532","806789700","1172986371200","52365463"
"280360","롯데웰푸드","KOSPI",,"123400","3900","3.26","119600","123500","118600","23746","2892031700","1148184431600","9304574"
"286940","롯데이노베이트","KOSPI",,"22700","-300","-1.30","23400","23400","22550","19787","451556400","343436630900","15129367"
"004000","롯데정밀화학","KOSPI",,"40450","500","1.25","40600","40750","39850","59098","2379905325","1043610000000","25800000"
"004990","롯데지주","KOSPI",,"29450","-700","-2.32","30150","30150","28650","328004","9573329425","3089577029650","104909237"
"00499K","롯데지주우","KOSPI",,"34450","-550","-1.57","36000","36000","32000","4198","140792750","27753023350","805603"
"005300","롯데칠성","KOSPI",,"132500","5900","4.66","127000","133900","125600","48601","6313117250","1229452130000","9278884"
"005305","롯데칠성우","KOSPI",,"76500","1200","1.59","75300","76500","75300","1324","100216850","59311215000","775310"
"011170","롯데케미칼","KOSPI",,"64600","3200","5.21","61300","65000","59800","258735","16468166800","2763292067400","42775419"
"071840","롯데하이마트","KOSPI",,"8750","80","0.92","8670","8750","8510","33777","290892055","206567480000","23607712"
"328130","루닛","KOSDAQ","기술성장기업부","52700","-4300","-7.54","60600","60700","52100","1302163","71447233100","1536200678600","29149918"
"038060","루멘스","KOSDAQ","우량기업부","880","2","0.23","879","891","878","39357","34592551","42330700720","48103069"
"474170","루미르","KOSDAQ","기술성장기업부","7740","-160","-2.03","7900","8000","7630","56111","433297820","137212367040","17727696"
"162120","루켄테크놀러지스","KONEX","일반기업부","2650","-25","-0.93","2695","2695","2515","961","2459615","29564995300","11156602"
"253610","루트락","KONEX","일반기업부","1139","39","3.55","1149","1149","1139","4","4566","11601181990","10185410"
"141080","리가켐바이오","KOSDAQ GLOBAL","기술성장기업부","120500","6200","5.42","117700","121400","114300","717742","84901052900","4411545729000","36610338"
"058470","리노공업","KOSDAQ GLOBAL","우량기업부","49250","-1850","-3.62","50400","50500","48400","559404","27458348350","3753433612500","76211850"
"016100","리더스코스메틱","KOSDAQ","중견기업부","2575","-60","-2.28","2665","2700","2550","58717","151872675","49184802050","19100894"
"012700","리드코프","KOSDAQ","우량기업부","4875","-45","-0.91","4945","4945","4800","101121","491580315","128924908125","26446135"
"302550","리메드","KOSDAQ","기술성장기업부","3595","10","0.28","3540","3640","3540","66464","238388860","112198914640","31209712"
"073570","리튬포어스","KOSDAQ","관리종목(소속부없음)","801","18","2.30","785","809","780","247134","196327967","39226133052","48971452"
"377450","리파인","KOSDAQ","우량기업부","15120","140","0.93","14760","15290","14330","142670","2089336110","262029600000","17330000"
"277070","린드먼아시아","KOSDAQ","중견기업부","4940","-90","-1.79","5140","5140","4870","19374","95949525","67638480000","13692000"
"042500","링네트","KOSDAQ","우량기업부","4435","-30","-0.67","4460","4460","4365","49872","219245355","84576044290","19070134"
"193250","링크드","KOSDAQ","중견기업부","593","8","1.37","586","600","562","367889","211459152","37550762561","63323377"
"474650","링크솔루션","KOSDAQ","기술성장기업부","17190","-690","-3.86","18140","18140","17070","45557","794603625","95903560080","5579032"
"219420","링크제니시스","KOSDAQ","기술성장기업부","5080","-120","-2.31","5240","5280","5000","68635","347125115","58265095560","11469507"
"439090","마녀공장","KOSDAQ","중견기업부","19270","280","1.47","19380","19650","19010","164137","3163443435","315609070200","16378260"
"027740","마니커","KOSPI",,"919","0","0.00","919","924","900","288272","262676838","58366818532","63511228"
"195500","마니커에프앤지","KOSDAQ","중견기업부","3150","-75","-2.33","3195","3210","3065","82378","257776890","50330700000","15978000"
"357430","마스턴프리미어리츠","KOSPI",,"1399","-2","-0.14","1402","1404","1392","121926","170455993","42676924493","30505307"
"377480","마음AI","KOSDAQ","기술성장기업부","22650","-650","-2.79","23400","23600","22350","70987","1610796025","160371195900","7080406"
"305090","마이크로디지탈","KOSDAQ","기술성장기업부","9710","-90","-0.92","9940","9980","9550","51084","498238465","174924708130","18014903"
"448780","마이크로엔엑스","KONEX","일반기업부","2450","290","13.43","2450","2450","2450","1","2450","6560316000","2677680"
"098120","마이크로컨텍솔","KOSDAQ","중견기업부","20750","-850","-3.94","21600","21850","20750","119590","2526572900","172489894500","8312766"
"424980","마이크로투나노","KOSDAQ","기술성장기업부","8650","-20","-0.23","8670","8790","8500","17180","147548900","51198398500","5918890"
"038290","마크로젠","KOSDAQ","중견기업부","15280","90","0.59","15100","15280","14920","31415","472514875","165656592000","10841400"
"001080","만호제강","KOSPI",,"25600","-100","-0.39","25350","25700","25350","47","1198550","106240000000","4150000"
"267980","매일유업","KOSDAQ","우량기업부","38800","1000","2.65","37750","38800","37650","6463","247212850","304333154400","7843638"
"005990","매일홀딩스","KOSDAQ","우량기업부","11140","0","0.00","11320","11320","10700","9277","102340345","152821906560","13718304"
"093520","매커스","KOSDAQ","우량기업부","15230","-510","-3.24","15800","15800","14970","77678","1185181020","246163891160","16163092"
"088980","맥쿼리인프라","KOSPI",,"11390","-90","-0.78","11480","11480","11370","1199518","13677617305","5454921500270","478921993"
"094800","맵스리얼티1","KOSPI",,"4355","5","0.11","4360","4360","4330","34403","149539925","404293511505","92834331"
"179720","머니무브","KONEX","일반기업부","11450","0","0.00","0","0","0","0","0","27337779550","2387579"
"100590","머큐리","KOSDAQ","중견기업부","3385","-15","-0.44","3405","3460","3340","61200","207921847","53584627855","15830023"
"067280","멀티캠퍼스","KOSDAQ","우량기업부","35150","-300","-0.85","35350","35550","34700","7492","261493450","208326281850","5926779"
"072870","메가스터디","KOSDAQ","우량기업부","11160","90","0.81","11070","11160","11000","14300","158570255","133037902440","11920959"
"215200","메가스터디교육","KOSDAQ GLOBAL","우량기업부","50200","-400","-0.79","49750","50400","49200","20861","1039959125","540698527400","10770887"
"133750","메가엠디","KOSDAQ","중견기업부","2135","5","0.23","2135","2150","2100","57189","120887515","49974109395","23407077"
"446540","메가터치","KOSDAQ","중견기업부","4155","140","3.49","4200","4845","4125","15102545","69021079521","86303505000","20771000"
"235980","메드팩토","KOSDAQ","기술성장기업부","3755","115","3.16","3650","3795","3540","100797","366151040","128703079355","34275121"
"200580","메디쎄이","KONEX","일반기업부","7210","-90","-1.23","7300","7300","7210","422","3078900","26865029590","3726079"
"041920","메디아나","KOSDAQ","우량기업부","5680","-220","-3.73","5880","5950","5580","63540","359549925","105637906640","18598223"
"233250","메디안디노스틱","KONEX","일반기업부","12500","-500","-3.85","13000","13500","12500","4","52000","21831675000","1746534"
"014100","메디앙스","KOSDAQ","중견기업부","2135","-65","-2.95","2180","2200","2090","28879","61957980","25193000000","11800000"
"236340","메디젠휴먼케어","KONEX","일반기업부","2200","245","12.53","2100","2200","2100","23","49600","6632223400","3014647"
"054180","메디콕스","KOSDAQ","투자주의환기종목(소속부없음)","160","-11","-6.43","178","189","157","10099523","1702803035","13260525280","82878283"
"086900","메디톡스","KOSDAQ","우량기업부","173300","-1300","-0.74","173700","177000","172000","26708","4635753850","1264829530100","7298497"
"078160","메디포스트","KOSDAQ","벤처기업부","11995","-1255","-9.47","13280","13320","11170","499758","5928716470","410442331075","34217785"
"138040","메리츠금융지주","KOSPI",,"115600","500","0.43","114500","116300","114100","155029","17859754950","20809673078800","180014473"
"408920","메쎄이상","KOSDAQ","벤처기업부","2275","-25","-1.09","2300","2315","2250","63126","142987885","98353835125","43232455"
"021880","메이슨캐피탈","KOSDAQ","중견기업부","387","-9","-2.27","396","401","386","436700","170823818","74375365896","192184408"
"140410","메지온","KOSDAQ","중견기업부","38200","550","1.46","37900","38450","37250","50126","1891956325","1146280388000","30007340"
"241770","메카로","KOSDAQ","우량기업부","10890","70","0.65","11360","11360","10730","9336","101218770","110997849600","10192640"
"090370","메타랩스","KOSPI",,"1345","-29","-2.11","1385","1385","1338","17760","24028986","33496806705","24904689"
"059210","메타바이오메드","KOSDAQ","우량기업부","5430","0","0.00","5430","5520","5350","105140","567493520","148023314970","27260279"
"118000","메타케어","KOSPI",,"336","-4","-1.18","340","343","331","262940","88041943","55365194304","164777364"
"058110","멕아이씨에스","KOSDAQ","기술성장기업부","2190","-45","-2.01","2220","2245","2155","36908","80167230","35150660700","16050530"
"017180","명문제약","KOSPI",,"1629","6","0.37","1623","1634","1607","21654","35019629","55310176566","33953454"
"009900","명신산업","KOSPI",,"8250","-10","-0.12","8270","8290","8150","113414","930180820","432878597250","52470133"
"012690","모나리자","KOSPI",,"2720","-15","-0.55","2745","2745","2695","135624","367858915","99473813600","36571255"
"005360","모나미","KOSPI",,"2095","-15","-0.71","2110","2120","2085","32630","68470020","39589858165","18897307"
"070960","모나용평","KOSPI",,"4970","-20","-0.40","5000","5010","4900","145724","721173414","239222665010","48133333"
"434480","모니터랩","KOSDAQ","기술성장기업부","4295","-140","-3.16","4435","4435","4295","76064","329544859","52872738500","12310300"
"080420","모다이노칩","KOSDAQ","중견기업부","2275","-50","-2.15","2360","2365","2265","2795","6417945","181366690050","79721622"
"417970","모델솔루션","KOSDAQ","중견기업부","11140","-20","-0.18","11080","11370","10940","14215","157535265","71259238000","6396700"
"080160","모두투어","KOSDAQ","벤처기업부","12370","-10","-0.08","12390","12470","12210","52156","642913815","233793000000","18900000"
"087260","모바일어플라이언스","KOSDAQ","벤처기업부","1987","-9","-0.45","1995","1995","1951","92230","180890990","64682534807","32552861"
"101330","모베이스","KOSDAQ","중견기업부","3380","10","0.30","3370","3380","3285","38723","128764855","78236958020","23147029"
"012860","모베이스전자","KOSDAQ","우량기업부","1476","-5","-0.34","1482","1499","1451","63345","93305713","108092582532","73233457"
"363260","모비데이즈","KOSDAQ","벤처기업부","1754","9","0.52","1745","1755","1670","176566","305397162","56415250826","32163769"
"348030","모비릭스","KOSDAQ","중견기업부","4120","-5","-0.12","4145","4195","4100","4077","16767260","39567656000","9603800"
"250060","모비스","KOSDAQ","기술성장기업부","2630","-20","-0.75","2650","2675","2610","171428","450463798","84610555820","32171314"
"288980","모아데이타","KOSDAQ","기술성장기업부","1369","-43","-3.05","1412","1413","1351","143531","197250189","47307933378","34556562"
"142760","모아라이프플러스","KOSDAQ","기술성장기업부","1874","-61","-3.15","1917","1917","1821","103800","193173926","70715035814","37734811"
"033200","모아텍","KOSDAQ","투자주의환기종목(소속부없음)","3530","-140","-3.81","3670","3670","3500","7349","26046070","50589083050","14331185"
"333050","모코엠시스","KOSDAQ","벤처기업부","1464","-46","-3.05","1557","1557","1457","78158","115556175","36033909264","24613326"
"009680","모토닉","KOSPI",,"10440","-50","-0.48","10470","10470","10260","51702","535485425","292842000000","28050000"
"118990","모트렉스","KOSDAQ","우량기업부","8950","40","0.45","8920","8980","8800","38599","341995905","222514810500","24861990"
"463480","모티브링크","KOSDAQ","중견기업부","9340","-150","-1.58","9400","9530","9190","58639","545312190","115725943720","12390358"
"006920","모헨즈","KOSDAQ","중견기업부","3050","5","0.16","3050","3065","2970","80443","241664410","33306000000","10920000"
"009580","무림P&P","KOSPI",,"2780","-20","-0.71","2815","2815","2750","32209","89052920","173383940720","62368324"
"001810","무림SP","KOSDAQ","중견기업부","1737","1","0.06","1739","1740","1716","3539","6129676","38452837500","22137500"
"009200","무림페이퍼","KOSPI",,"2175","0","0.00","2175","2180","2135","62325","134117200","90500249250","41609310"
"322970","무진메디","KONEX","일반기업부","2035","0","0.00","2040","2040","2035","126","256415","20455775230","10051978"
"033920","무학","KOSPI",,"8140","50","0.62","8140","8260","8020","108799","886283205","231990000000","28500000"
"008420","문배철강","KOSPI",,"2410","-5","-0.21","2410","2425","2360","106645","254406500","49413447050","20503505"
"279600","미디어젠","KOSDAQ","중견기업부","12540","-140","-1.10","12680","13060","12510","11791","149911270","58747153740","4684781"
"095500","미래나노텍","KOSDAQ","우량기업부","7830","-80","-1.01","7900","7930","7700","65914","512727035","242808292170","31009999"
"254490","미래반도체","KOSDAQ","우량기업부","16180","-350","-2.12","16330","16440","15580","142191","2268273430","233606840000","14438000"
"025560","미래산업","KOSPI",,"665","0","0.00","0","0","0","0","0","47695445210","71722474"
"218150","미래생명자원","KOSDAQ","벤처기업부","3710","-20","-0.54","3730","3735","3655","125494","462319355","75742625420","20415802"
"007120","미래아이앤지","KOSPI",,"1012","-26","-2.50","1031","1031","1005","128544","130047940","29225151296","28878608"
"396690","미래에셋글로벌리츠","KOSPI",,"2705","10","0.37","2695","2710","2670","46482","124728001","107134067700","39605940"
"442900","미래에셋드림스팩1호","KOSDAQ","SPAC(소속부없음)","10290","-10","-0.10","10290","10300","10280","17999","185216490","79027200000","7680000"
"357250","미래에셋맵스리츠","KOSPI",,"2740","0","0.00","2740","2740","2720","10875","29739620","68486587700","24995105"
"100790","미래에셋벤처투자","KOSDAQ","우량기업부","6860","-420","-5.77","7270","7300","6710","267871","1852194955","364434989240","53124634"
"446190","미래에셋비전스팩2호","KOSDAQ","SPAC(소속부없음)","2470","-25","-1.00","2490","2530","2430","18276","45388495","12226500000","4950000"
"448830","미래에셋비전스팩3호","KOSDAQ","SPAC(소속부없음)","2155","0","0.00","0","0","0","0","0","10602600000","4920000"
"477380","미래에셋비전스팩4호","KOSDAQ","SPAC(소속부없음)","2030","-5","-0.25","2035","2050","2030","17788","36137485","16443000000","8100000"
"477470","미래에셋비전스팩5호","KOSDAQ","SPAC(소속부없음)","2100","0","0.00","2095","2105","2095","5428","11400390","11508000000","5480000"
"478440","미래에셋비전스팩6호","KOSDAQ","SPAC(소속부없음)","2040","-5","-0.24","2040","2045","2035","1042","2125610","14137200000","6930000"
"482680","미래에셋비전스팩7호","KOSDAQ","SPAC(소속부없음)","2005","-5","-0.25","2005","2010","2000","9195","18448705","16471075000","8215000"
"085620","미래에셋생명","KOSPI",,"6440","-90","-1.38","6530","6540","6390","43617","281231650","1139984257160","177016189"
"006800","미래에셋증권","KOSPI",,"21100","-550","-2.54","22000","22200","20750","2948743","63026195275","12033676208800","570316408"
"00680K","미래에셋증권2우B","KOSPI",,"8490","-10","-0.12","8630","8690","8390","844780","7172698340","1167375000000","137500000"
"006805","미래에셋증권우","KOSPI",,"8940","60","0.68","9000","9150","8800","154027","1375928975","125837205000","14075750"
"208890","미래엔에듀파트너","KONEX","일반기업부","1000","0","0.00","0","0","0","0","0","4005520000","4005520"
"049950","미래컴퍼니","KOSDAQ","우량기업부","16310","-440","-2.63","16760","16760","16180","36738","602704315","143819688040","8817884"
"207760","미스터블루","KOSDAQ","중견기업부","1801","-64","-3.43","1880","1880","1790","1155648","2094903875","149626689183","83079783"
"081660","미스토홀딩스","KOSPI",,"38500","2100","5.77","37200","38650","36500","277938","10440908950","2313689801500","60095839"
"002840","미원상사","KOSPI",,"169100","2300","1.38","166800","169500","166100","2724","455214600","803225000000","4750000"
"268280","미원에스씨","KOSPI",,"152000","100","0.07","151400","155900","148800","784","119374900","760000000000","5000000"
"107590","미원홀딩스","KOSPI",,"77800","400","0.52","77400","78000","77400","546","42435600","180496000000","2320000"
"134380","미원화학","KOSPI",,"79600","600","0.76","78400","79900","78400","139","11051700","175061732800","2199268"
"351020","미쥬","KONEX","일반기업부","7160","0","0.00","0","0","0","0","0","14857000000","2075000"
"003650","미창석유","KOSPI",,"109000","-500","-0.46","108700","112000","107800","844","91714400","189624248000","1739672"
"059090","미코","KOSDAQ","중견기업부","13390","-50","-0.37","13360","13490","13170","172641","2294377220","447450657420","33416778"
"201490","미투온","KOSDAQ","중견기업부","4995","-105","-2.06","5200","5320","4815","2643763","13426730116","151798509540","30390092"
"475460","미트박스","KOSDAQ","중견기업부","14440","760","5.56","13680","14890","13470","1439476","20601675110","80945586000","5605650"
"452200","민테크","KOSDAQ","기술성장기업부","4010","-35","-0.87","4045","4120","3945","36358","145134812","89502398000","22319800"
"206640","바디텍메드","KOSDAQ","우량기업부","13820","-80","-0.58","13950","14090","13620","143842","1978593205","324584259200","23486560"
"018700","바른손","KOSDAQ","중견기업부","1229","-39","-3.08","1256","1299","1217","232711","290754709","43162181353","35119757"
"035620","바른손이앤에이","KOSDAQ","중견기업부","499","-3","-0.60","502","502","492","125739","62279438","37145397825","74439675"
"354390","바스칸바이오제약","KONEX","일반기업부","5250","50","0.96","5090","5250","5090","175","909020","36845796750","7018247"
"053030","바이넥스","KOSDAQ","중견기업부","15860","50","0.32","15930","16050","15630","187571","2966372175","518371221680","32684188"
"301300","바이브컴퍼니","KOSDAQ","기술성장기업부","5440","-220","-3.89","5660","5660","5300","70238","383535390","71316327360","13109619"
"377740","바이오노트","KOSPI",,"5020","-40","-0.79","5130","5130","5000","48547","244000800","512321360960","102056048"
"064550","바이오니아","KOSDAQ","벤처기업부","14330","-30","-0.21","14280","14500","14160","63817","911207920","369861470030","25810291"
"314930","바이오다인","KOSDAQ","기술성장기업부","15490","-270","-1.71","15750","15960","15270","100366","1545858415","461045955470","29764103"
"489460","바이오비쥬","KOSDAQ","벤처기업부","18450","-500","-2.64","19150","19450","18310","272737","5102633250","277569733500","15044430"
"086820","바이오솔루션","KOSDAQ","기술성장기업부","8360","-10","-0.12","8400","8400","8160","58545","482088510","202735534320","24250662"
"038460","바이오스마트","KOSDAQ","우량기업부","3355","-15","-0.45","3365","3365","3285","93437","310454095","87781689490","26164438"
"251120","바이오에프디엔씨","KOSDAQ","기술성장기업부","21150","-200","-0.94","21350","21400","20800","42263","888457100","183914055000","8695700"
"199730","바이오인프라","KOSDAQ","벤처기업부","5800","50","0.87","5750","5810","5660","8220","47236660","28213328600","4864367"
"266470","바이오인프라생명과학","KONEX","일반기업부","241","19","8.56","250","250","190","208","50110","6715710579","27866019"
"289170","바이오텐","KONEX","일반기업부","3665","-645","-14.97","3665","3665","3665","1","3665","13108565185","3576689"
"086040","바이오톡스텍","KOSDAQ","중견기업부","2985","-20","-0.67","3010","3035","2975","6445","19270555","47635367295","15958247"
"188040","바이오포트","KOSDAQ","벤처기업부","16200","700","4.52","15530","16840","15380","305865","4926999540","71747580600","4428863"
"199290","바이오프로테크","KONEX","일반기업부","590","0","0.00","0","0","0","0","0","9631863280","16325192"
"099430","바이오플러스","KOSDAQ","우량기업부","7150","-10","-0.14","7230","7345","7060","342614","2457696930","432572561850","60499659"
"032980","바이온","KOSDAQ","관리종목(소속부없음)","302","0","0.00","0","0","0","0","0","13522952980","44777990"
"308080","바이젠셀","KOSDAQ","기술성장기업부","2905","10","0.35","2910","2920","2800","28056","80561075","59404635500","20449100"
"043150","바텍","KOSDAQ","우량기업부","21350","0","0.00","21550","21550","21100","12270","260441825","317138365600","14854256"
"323990","박셀바이오","KOSDAQ","기술성장기업부","9820","130","1.34","9790","9820","9650","34851","338677490","228387127900","23257345"
"003610","방림","KOSPI",,"4355","-40","-0.91","4400","4400","4340","26299","114447560","175080398090","40202158"
"267790","배럴","KOSDAQ","벤처기업부","4500","5","0.11","4500","4560","4465","5332","24012785","35498250000","7888500"
"046310","백금T&A","KOSDAQ","우량기업부","2910","-5","-0.17","2930","2935","2845","33008","94955050","47778245310","16418641"
"035150","백산","KOSPI",,"14960","-220","-1.45","15160","15260","14750","16274","242332570","317900000000","21250000"
"331520","밸로프","KOSDAQ","중견기업부","621","-10","-1.58","625","629","615","213404","131867218","31586786190","50864390"
"199480","뱅크웨어글로벌","KOSDAQ","기술성장기업부","6140","-730","-10.63","6560","6790","6080","967720","6189086270","62024057320","10101638"
"438700","버넥트","KOSDAQ","기술성장기업부","4415","-265","-5.66","4640","4690","4395","101696","454606816","49204689350","11144890"
"066410","버킷스튜디오","KOSDAQ","관리종목(소속부없음)","1153","0","0.00","0","0","0","0","0","99670679144","86444648"
"002410","범양건영","KOSPI",,"1935","0","0.00","0","0","0","0","0","53173451700","27479820"
"382900","범한퓨얼셀","KOSDAQ","벤처기업부","17870","-450","-2.46","18430","18430","17710","35750","641470745","156559070000","8761000"
"206400","베노티앤알","KOSDAQ","중견기업부","1657","-5","-0.30","1669","1686","1632","144321","239617609","62154331806","37510158"
"019010","베뉴지","KOSDAQ","중견기업부","2330","-30","-1.27","2360","2360","2320","10656","24817455","112306000000","48200000"
"177350","베셀","KOSDAQ","벤처기업부","985","5","0.51","981","998","968","34170","33453949","19358960495","19653767"
"457600","벡트","KOSDAQ","벤처기업부","3100","-70","-2.21","3170","3185","3075","61827","192215485","42493250000","13707500"
"424760","벨로크","KOSDAQ","벤처기업부","924","-39","-4.05","958","963","921","69643","64945647","18170461848","19665002"
"007210","벽산","KOSPI",,"2235","0","0.00","2240","2240","2200","76695","170483218","149432100000","66860000"
"225530","보광산업","KOSDAQ","우량기업부","3655","30","0.83","3650","3670","3605","31242","113815772","132818047185","36338727"
"250000","보라티알","KOSDAQ","우량기업부","10370","-350","-3.26","10710","10720","10010","49518","514981630","70005101210","6750733"
"002760","보락","KOSPI",,"1040","7","0.68","1036","1040","1020","116206","119279466","62296000000","59900000"
"003850","보령","KOSPI",,"8370","40","0.48","8330","8440","8300","45273","378932420","718038922590","85787207"
"310210","보로노이","KOSDAQ","기술성장기업부","119500","6300","5.57","114500","119500","110500","105373","12083380550","2197419655500","18388449"
"006910","보성파워텍","KOSDAQ","벤처기업부","3315","-85","-2.50","3405","3405","3230","817426","2693154143","162865366560","49129824"
"000890","보해양조","KOSPI",,"492","-1","-0.20","494","496","486","148965","72810107","68447103468","139120129"
"226340","본느","KOSDAQ","벤처기업부","946","-9","-0.94","956","959","940","41318","39004849","39686989320","41952420"
"206950","볼빅","KONEX","일반기업부","1695","-2","-0.12","1694","1695","1694","98","166013","23860964175","14077265"
"003000","부광약품","KOSPI",,"3760","-10","-0.27","3765","3785","3715","114902","430180013","257389562960","68454671"
"001270","부국증권","KOSPI",,"41550","-950","-2.24","42500","43150","41100","15824","664003000","430868763300","10369886"
"001275","부국증권우","KOSPI",,"26100","-100","-0.38","26450","26450","26050","349","9104700","78300000000","3000000"
"026940","부국철강","KOSPI",,"2350","10","0.43","2355","2355","2320","131075","306737475","47000000000","20000000"
"014470","부방","KOSDAQ","중견기업부","1746","-12","-0.68","1770","1779","1727","174999","305182716","104851245960","60052260"
"011390","부산산업","KOSPI",,"100600","-1300","-1.28","101900","101900","99200","3416","342034700","106233600000","1056000"
"005030","부산주공","KOSPI",,"486","0","0.00","0","0","0","0","0","38288532168","78782988"
"008470","부스타","KOSDAQ","벤처기업부","4080","40","0.99","4010","4105","4010","7864","31933635","34291584000","8404800"
"338220","뷰노","KOSDAQ","기술성장기업부","19550","-1050","-5.10","21000","21100","19380","94520","1880968930","273735639650","14001823"
"100120","뷰웍스","KOSDAQ","우량기업부","21700","0","0.00","21700","21800","21500","6995","150977250","211575000000","9750000"
"406820","뷰티스킨","KOSDAQ","벤처기업부","13290","-330","-2.42","13850","13850","13220","3964","53152120","46967391600","3534040"
"099390","브레인즈컴퍼니","KOSDAQ","벤처기업부","6040","150","2.55","5910","6080","5890","24255","144996210","49578029320","8208283"
"064480","브리지텍","KOSDAQ","벤처기업부","5630","30","0.54","5660","5660","5550","74824","419847905","67292575000","11952500"
"288330","브릿지바이오테라퓨틱스","KOSDAQ","관리종목(소속부없음)","3415","0","0.00","0","0","0","0","0","178240133160","52193304"
"365900","브이씨","KOSDAQ","벤처기업부","3700","175","4.96","3560","3795","3545","28029","103498365","27048110000","7310300"
"089970","브이엠","KOSDAQ","우량기업부","11730","-200","-1.68","12120","12160","11500","53003","619622170","282406729350","24075595"
"251630","브이원텍","KOSDAQ","벤처기업부","5040","-100","-1.95","5140","5250","4970","48032","242559640","80352145440","15942886"
"018290","브이티","KOSDAQ","우량기업부","35500","550","1.57","34950","35700","34750","517561","18236155275","1270829248500","35798007"
"478560","블랙야크아이앤씨","KOSDAQ","벤처기업부","3725","0","0.00","3730","3760","3680","20219","75038980","90489767375","24292555"
"439580","블루엠텍","KOSDAQ","기술성장기업부","4735","-65","-1.35","4810","4845","4625","394151","1854092804","158672989305","33510663"
"033560","블루콤","KOSDAQ","중견기업부","3230","-10","-0.31","3230","3380","3145","34496","110892585","55233000000","17100000"
"191600","블루탑","KONEX","일반기업부","7500","420","5.93","7080","7500","7080","76","538500","21441960000","2858928"
"369370","블리츠웨이엔터테인먼트","KOSDAQ","벤처기업부","1450","11","0.76","1421","1552","1409","39489","57594249","72314270950","49871911"
"126340","비나텍","KOSDAQ","벤처기업부","29850","-800","-2.61","30650","30950","29500","17649","527082250","190217274300","6372438"
"121800","비덴트","KOSDAQ","관리종목(소속부없음)","3320","0","0.00","0","0","0","0","0","256309348520","77201611"
"082800","비보존 제약","KOSDAQ","중견기업부","6970","-220","-3.06","7140","7140","6800","180625","1249493420","349229522020","50104666"
"318410","비비씨","KOSDAQ","중견기업부","8580","-120","-1.38","8700","8700","8460","7840","66612230","47663984940","5555243"
"002070","비비안","KOSPI",,"791","3","0.38","788","791","783","494328","388855353","35750096907","45196077"
"100220","비상교육","KOSPI",,"6460","-70","-1.07","6530","6530","6320","43396","278449360","83958946860","12996741"
"419540","비스토스","KOSDAQ","벤처기업부","1570","-16","-1.01","1599","1599","1536","96833","150419171","36098242270","22992511"
"146320","비씨엔씨","KOSDAQ","벤처기업부","8600","-200","-2.27","8760","8760","8480","26481","227884700","110062137800","12797923"
"200780","비씨월드제약","KOSDAQ","중견기업부","4455","-30","-0.67","4450","4460","4435","5609","24954310","43374949200","9736240"
"413640","비아이매트릭스","KOSDAQ","벤처기업부","19610","-1240","-5.95","21000","21050","19360","164346","3279562470","141328093400","7206940"
"141000","비아트론","KOSDAQ","벤처기업부","8450","-50","-0.59","8500","8500","8270","16216","135741830","102369299500","12114710"
"090460","비에이치","KOSPI",,"12670","180","1.44","12540","12670","12350","142602","1781425435","436663681930","34464379"
"083650","비에이치아이","KOSDAQ","중견기업부","39150","-550","-1.39","39500","40800","38350","422953","16563673500","1211472281250","30944375"
"445360","비엔케이제1호스팩","KOSDAQ","관리종목(소속부없음)","2120","-5","-0.24","2125","2130","2120","12417","26386030","9137200000","4310000"
"473370","비엔케이제2호스팩","KOSDAQ","SPAC(소속부없음)","2015","-10","-0.49","2020","2035","2015","8269","16689810","8483150000","4210000"
"065170","비엘팜텍","KOSDAQ","투자주의환기종목(소속부없음)","832","1","0.12","836","852","826","69859","58361858","22200276800","26683025"
"086670","비엠티","KOSDAQ","우량기업부","9590","-90","-0.93","9600","9610","9390","19412","184180240","87510418660","9125174"
"335890","비올","KOSDAQ","벤처기업부","12430","0","0.00","12420","12440","12420","515957","6413711825","726149723750","58419125"
"230980","비유테크놀러지","KOSDAQ","관리종목(소속부없음)","229","0","0.00","0","0","0","0","0","21370407553","93320557"
"082920","비츠로셀","KOSDAQ","우량기업부","28800","450","1.59","28450","28900","27950","150457","4272966850","658719734400","22872213"
"054220","비츠로시스","KOSDAQ","벤처기업부","351","3","0.86","348","355","340","458383","160220660","21043531431","59953081"
"042370","비츠로테크","KOSDAQ","우량기업부","8930","-370","-3.98","9220","9220","8840","393931","3541733305","233966223250","26200025"
"050090","비케이홀딩스","KOSDAQ","투자주의환기종목(소속부없음)","783","-4","-0.51","787","795","780","24495","19241122","15491447505","19784735"
"148780","비큐AI","KOSDAQ","기술성장기업부","2420","-100","-3.97","2530","2535","2395","1190463","2885571403","76098654500","31445725"
"307870","비투엔","KOSDAQ","벤처기업부","1326","-92","-6.49","1400","1417","1308","690847","931675589","67368535884","50805834"
"377030","비트맥스","KOSDAQ","기술성장기업부","6110","120","2.00","5900","6290","5690","1264753","7504767445","227482766420","37231222"
"032850","비트컴퓨터","KOSDAQ","벤처기업부","5190","-70","-1.33","5270","5300","4995","179979","916545900","86274890670","16623293"
"238200","비피도","KOSDAQ","벤처기업부","3330","-20","-0.60","3360","3360","3300","2600","8631625","27239400000","8180000"
"093190","빅솔론","KOSDAQ","우량기업부","5940","-160","-2.62","6100","6100","5860","7097","42105320","114279095700","19238905"
"065450","빅텍","KOSDAQ","벤처기업부","4100","-30","-0.73","4120","4130","4070","240847","985283532","117476480000","28652800"
"044480","빌리언스","KOSDAQ","중견기업부","301","0","0.00","301","310","295","375934","112817891","12239782128","40663728"
"005180","빙그레","KOSPI",,"89800","2200","2.51","88200","91500","87900","90129","8076775800","858102129400","9555703"
"069540","빛과전자","KOSDAQ","중견기업부","1423","-3","-0.21","1442","1555","1392","4485852","6617744895","66171490777","46501399"
"072950","빛샘전자","KOSDAQ","벤처기업부","5570","-10","-0.18","5580","5600","5370","35161","193554140","44853037700","8052610"
"266170","뿌리깊은나무들","KONEX","일반기업부","509","-21","-3.96","549","549","451","12","5568","3735177903","7338267"
"451250","삐아","KOSDAQ","벤처기업부","11730","-90","-0.76","12010","12070","11660","83873","993070055","118354257210","10089877"
"143240","사람인","KOSDAQ","우량기업부","15280","-30","-0.20","15200","15310","15150","10109","153612600","178917538640","11709263"
"466410","사이냅소프트","KOSDAQ","벤처기업부","14370","-590","-3.94","14960","15000","14110","105970","1521743725","72382020510","5037023"
"003960","사조대림","KOSPI",,"44850","0","0.00","44900","45350","43800","31647","1409005375","411026344950","9164467"
"008040","사조동아원","KOSPI",,"1196","1","0.08","1195","1199","1158","490742","577618696","168808941600","141144600"
"007160","사조산업","KOSPI",,"65900","-3000","-4.35","70000","70000","63300","46356","3032900950","329500000000","5000000"
"014710","사조씨푸드","KOSPI",,"9500","-500","-5.00","9870","9920","9210","123659","1189686635","163576158500","17218543"
"006090","사조오양","KOSPI",,"10690","-160","-1.47","10850","10850","10520","5753","61087180","100729079910","9422739"
"452430","사피엔반도체","KOSDAQ","기술성장기업부","25850","-950","-3.54","26700","27050","25350","97321","2512892450","212310470350","8213171"
"419120","산돌","KOSDAQ","중견기업부","9360","-20","-0.21","9380","9680","9310","49529","468163850","72767691360","7774326"
"062040","산일전기","KOSPI",,"87000","-2000","-2.25","87800","88800","85000","380097","32840535650","2648732400000","30445200"
"122350","삼기","KOSDAQ","중견기업부","1143","7","0.62","1144","1147","1130","65112","74239664","43821966204","38339428"
"419050","삼기에너지솔루션즈","KOSDAQ","우량기업부","1702","-6","-0.35","1708","1718","1675","198032","335184861","97348000480","57196240"
"014970","삼륭물산","KOSDAQ","중견기업부","5560","-140","-2.46","5570","6650","5370","1276596","7904043305","84095000000","15125000"
"018310","삼목에스폼","KOSDAQ","우량기업부","21500","-550","-2.49","22200","22200","21300","6438","138404750","316050000000","14700000"
"012210","삼미금속","KONEX","일반기업부","4110","0","0.00","0","0","0","0","0","81240762990","19766609"
"053700","삼보모터스","KOSDAQ","우량기업부","4345","0","0.00","4345","4380","4270","53991","232457365","99401390550","22877190"
"009620","삼보산업","KOSDAQ","중견기업부","1387","-11","-0.79","1435","1435","1386","146360","204792440","22727508217","16386091"
"023600","삼보판지","KOSDAQ","우량기업부","10100","20","0.20","10080","10100","9890","42462","423041920","163317000000","16170000"
"001470","삼부토건","KOSPI",,"347","0","0.00","0","0","0","0","0","79699592928","229681824"
"028050","삼성E&A","KOSPI",,"22700","-200","-0.87","22700","23100","22250","559788","12585820825","4449200000000","196000000"
"448730","삼성FN리츠","KOSPI",,"4460","-15","-0.34","4475","4480","4450","54166","241590804","406083000000","91050000"
"006400","삼성SDI","KOSPI",,"177400","-800","-0.45","176600","179100","175200","335105","59290739050","14295873022000","80585530"
"006405","삼성SDI우","KOSPI",,"107100","1600","1.52","105500","107100","104000","6662","702592350","173276661600","1617896"
"006660","삼성공조","KOSPI",,"13920","-20","-0.14","13960","14070","13730","32196","446109490","113118290880","8126314"
"028260","삼성물산","KOSPI",,"161800","-3600","-2.18","165000","165600","159500","346659","56007084050","27502204819200","169976544"
"02826K","삼성물산우B","KOSPI",,"120800","-2200","-1.79","123000","123100","119200","7770","936115800","177284872000","1467590"
"207940","삼성바이오로직스","KOSPI",,"1008000","5000","0.50","999000","1025000","994000","57603","58243749000","71743392000000","71174000"
"032830","삼성생명","KOSPI",,"127000","-3000","-2.31","130200","131500","125000","290388","36944382100","25400000000000","200000000"
"448740","삼성스팩8호","KOSDAQ","SPAC(소속부없음)","10385","-5","-0.05","10390","10390","10370","11899","123511945","48435640000","4664000"
"018260","삼성에스디에스","KOSPI",,"165000","-3400","-2.02","168700","169900","163800","155488","25787511750","12767337000000","77377800"
"009150","삼성전기","KOSPI",,"134600","-600","-0.44","133900","134800","132900","158511","21196967200","10053771481600","74693696"
"009155","삼성전기우","KOSPI",,"60600","200","0.33","60400","60900","60100","7351","444029000","176163230400","2906984"
"005930","삼성전자","KOSPI",,"60650","450","0.75","60200","60800","59800","11474424","692142438250","359026039969300","5919637922"
"005935","삼성전자우","KOSPI",,"50300","200","0.40","51000","51000","49800","801435","40248668850","41043525599200","815974664"
"001360","삼성제약","KOSPI",,"1703","-1","-0.06","1704","1718","1672","187237","315688377","160358020537","94162079"
"010140","삼성중공업","KOSPI",,"16450","-330","-1.97","16710","16890","16270","4013994","66124668215","14476000000000","880000000"
"016360","삼성증권","KOSPI",,"72200","-1200","-1.63","73700","74300","71500","352592","25581324000","6447460000000","89300000"
"068290","삼성출판사","KOSPI",,"18290","-170","-0.92","18470","18470","18010","15995","291585635","182900000000","10000000"
"029780","삼성카드","KOSPI",,"50500","0","0.00","50200","50900","49900","45683","2310459550","5850873995500","115858891"
"000810","삼성화재","KOSPI",,"438250","-1250","-0.28","430000","444000","429000","52610","22976421250","20164388678750","46011155"
"000815","삼성화재우","KOSPI",,"323000","-3000","-0.92","326000","327500","321500","3684","1194391500","1001141730000","3099510"
"006110","삼아알미늄","KOSPI",,"17940","-60","-0.33","18010","18090","17730","33130","591144985","263931773040","14711916"
"009300","삼아제약","KOSDAQ","우량기업부","17460","-20","-0.11","17480","17690","17350","7472","130185865","111220200000","6370000"
"145990","삼양사","KOSPI",,"53600","-200","-0.37","53800","53900","52400","22693","1205780950","552800866400","10313449"
"145995","삼양사우","KOSPI",,"37200","-50","-0.13","37050","37350","36900","399","14754700","13766604000","370070"
"003230","삼양식품","KOSPI",,"1348000","-14000","-1.03","1364000","1388000","1347000","29689","40500989000","10154504220000","7533015"
"482630","삼양엔씨켐","KOSDAQ","중견기업부","17540","-490","-2.72","18030","18200","17410","63879","1129684540","190592095600","10866140"
"036670","삼양케이씨아이","KOSDAQ","우량기업부","7120","30","0.42","7080","7120","7000","7600","53642160","80242400000","11270000"
"002170","삼양통상","KOSPI",,"54900","-1700","-3.00","56700","56700","54100","1757","96705300","164700000000","3000000"
"272550","삼양패키징","KOSPI",,"13670","0","0.00","13670","13700","13540","9159","124592710","209574373570","15330971"
"000070","삼양홀딩스","KOSPI",,"89000","-1700","-1.87","90900","91700","87100","36083","3196764050","775218569000","8710321"
"000075","삼양홀딩스우","KOSPI",,"86500","400","0.46","94000","94000","86500","221","19462500","13667692000","158008"
"003720","삼영","KOSPI",,"3795","-40","-1.04","3880","3880","3735","88026","331464930","129030000000","34000000"
"002810","삼영무역","KOSPI",,"16000","-100","-0.62","16010","16150","15880","14766","235659600","295471168000","18466948"
"361670","삼영에스앤씨","KOSDAQ","기술성장기업부","4265","10","0.24","4355","4355","4155","4310","18268795","24172561370","5667658"
"054540","삼영엠텍","KOSDAQ","중견기업부","5670","-110","-1.90","5850","5850","5580","254489","1436830295","73710000000","13000000"
"065570","삼영이엔씨","KOSDAQ","관리종목(소속부없음)","764","0","0.00","0","0","0","0","0","12295692232","16093838"
"005680","삼영전자","KOSPI",,"11170","-160","-1.41","11400","11450","11050","21699","243095515","223400000000","20000000"
"023000","삼원강재","KOSPI",,"2590","0","0.00","2595","2595","2560","6165","15846209","103600000000","40000000"
"004380","삼익THK","KOSPI",,"9960","0","0.00","0","0","0","0","0","209160000000","21000000"
"002450","삼익악기","KOSPI",,"1326","5","0.38","1311","1331","1303","73312","96480025","120043993290","90530915"
"032280","삼일","KOSDAQ","중견기업부","1510","-3","-0.20","1523","1523","1498","50011","75469512","24482520900","16213590"
"002290","삼일기업공사","KOSDAQ","벤처기업부","3530","-20","-0.56","3550","3565","3520","73133","258209429","43772000000","12400000"
"004440","삼일씨엔에스","KOSPI",,"4810","-100","-2.04","4920","4920","4785","7000","33722165","61240665070","12731947"
"000520","삼일제약","KOSPI",,"10460","-70","-0.66","10750","10750","10200","87735","912090530","226896343060","21691811"
"009770","삼정펄프","KOSPI",,"29850","0","0.00","29850","29850","29400","1567","46375600","74624134350","2499971"
"037460","삼지전자","KOSDAQ","벤처기업부","11430","-100","-0.87","11540","11560","11260","39122","444972220","186520706460","16318522"
"032750","삼진","KOSDAQ","우량기업부","4605","-20","-0.43","4600","4610","4530","7835","35743595","41588316810","9031122"
"054090","삼진엘앤디","KOSDAQ","벤처기업부","788","3","0.38","775","788","766","52686","41075030","19667874816","24959232"
"005500","삼진제약","KOSPI",,"19040","90","0.47","18960","19080","18800","13681","259303410","264656000000","13900000"
"000250","삼천당제약","KOSDAQ","중견기업부","155300","10900","7.55","144700","162400","140000","913037","141175406450","3642945401600","23457472"
"004690","삼천리","KOSPI",,"140600","-100","-0.07","140600","141000","136000","21476","2966937150","570136515000","4055025"
"024950","삼천리자전거","KOSDAQ","중견기업부","4515","15","0.33","4505","4515","4450","38603","172801270","59930200155","13273577"
"038500","삼표시멘트","KOSDAQ","우량기업부","3220","-50","-1.53","3270","3270","3185","121540","389658906","347490505320","107916306"
"437730","삼현","KOSDAQ","기술성장기업부","13420","-390","-2.82","13820","13870","13250","132114","1776885710","425515549140","31707567"
"017480","삼현철강","KOSDAQ","우량기업부","4560","-10","-0.22","4555","4570","4550","2600","11860195","71605178400","15702890"
"010960","삼호개발","KOSPI",,"3440","-55","-1.57","3500","3500","3415","49236","169107830","86000000000","25000000"
"046390","삼화네트웍스","KOSDAQ","중견기업부","1251","-13","-1.03","1264","1285","1225","242234","301380277","54009339183","43172933"
"004450","삼화왕관","KOSPI",,"36950","2800","8.20","34550","41700","34550","10498","394486500","79604304050","2154379"
"009470","삼화전기","KOSPI",,"29050","-750","-2.52","30150","30150","28600","37348","1085036250","192131471000","6613820"
"011230","삼화전자","KOSPI",,"6300","350","5.88","5950","6400","5900","311529","1923997570","106487010000","16902700"
"001820","삼화콘덴서","KOSPI",,"25600","-400","-1.54","26300","26300","25250","21475","548321800","266112000000","10395000"
"000390","삼화페인트","KOSPI",,"6180","20","0.32","6230","6230","6100","27389","168092965","168117438420","27203469"
"027580","상보","KOSDAQ","중견기업부","933","13","1.41","932","935","922","74205","68767033","55216133307","59181279"
"038540","상상인","KOSDAQ","중견기업부","2030","-35","-1.69","2065","2065","2000","101869","205739225","112316475390","55328313"
"452670","상상인제4호스팩","KOSDAQ","SPAC(소속부없음)","2040","0","0.00","2035","2040","2025","10176","20680645","10648800000","5220000"
"001290","상상인증권","KOSPI",,"689","-28","-3.91","727","728","673","688634","476945840","74644275680","108337120"
"041650","상신브레이크","KOSPI",,"2935","10","0.34","2955","2955","2905","31915","93188645","63018705750","21471450"
"091580","상신이디피","KOSDAQ","우량기업부","8000","-60","-0.74","8070","8170","7880","23006","182474355","106625752000","13328219"
"263810","상신전자","KOSDAQ","중견기업부","3005","-30","-0.99","3035","3035","2975","8749","26205920","47854099125","15924825"
"089980","상아프론테크","KOSDAQ","우량기업부","18440","-730","-3.81","19170","19170","18240","39953","738387480","294837842280","15989037"
"042940","상지건설","KOSDAQ","중견기업부","13530","2190","19.31","11590","14290","10950","4406620","58454658150","92392473360","6828712"
"042600","새로닉스","KOSDAQ","중견기업부","6980","-20","-0.29","6920","6990","6860","9588","66199370","86716546520","12423574"
"075180","새론오토모티브","KOSPI",,"3390","-40","-1.17","3450","3450","3355","7293","24752875","65088000000","19200000"
"107600","새빗켐","KOSDAQ","벤처기업부","15720","-10","-0.06","15730","15760","15550","5980","93388540","88504448880","5630054"
"411080","샌즈랩","KOSDAQ","기술성장기업부","8400","-40","-0.47","8510","8700","8300","57512","483062180","128248159200","15267638"
"252990","샘씨엔에스","KOSDAQ","기술성장기업부","4760","-105","-2.16","4895","4895","4665","176830","835221278","277927179880","58388063"
"007540","샘표","KOSPI",,"47050","1550","3.41","46000","47600","45000","12001","555814250","135306390000","2875800"
"248170","샘표식품","KOSPI",,"27300","100","0.37","27250","27300","26700","8052","216996100","124714207800","4568286"
"378800","샤페론","KOSDAQ","기술성장기업부","3070","50","1.66","3035","3100","2970","367306","1114838088","92539105170","30143031"
"294630","서남","KOSDAQ","기술성장기업부","2932","-8","-0.27","2935","2955","2880","142888","414834619","70790498268","24144099"
"038070","서린바이오","KOSDAQ","우량기업부","7530","30","0.40","7480","7900","7380","134251","1026433105","68528090280","9100676"
"006730","서부T&D","KOSDAQ","우량기업부","9220","-80","-0.86","9330","9360","9030","341494","3117910480","607846230060","65926923"
"079650","서산","KOSDAQ","중견기업부","1556","-10","-0.64","1566","1600","1554","9603","15093619","31120000000","20000000"
"100660","서암기계공업","KOSDAQ","중견기업부","3625","-10","-0.28","3635","3635","3560","20637","74215465","45675000000","12600000"
"007860","서연","KOSPI",,"11230","-210","-1.84","12100","12150","10740","598447","6802995915","263678648120","23479844"
"200880","서연이화","KOSPI",,"12370","-80","-0.64","12700","12700","12160","64489","798712910","334341765690","27028437"
"019770","서연탑메탈","KOSDAQ","우량기업부","4010","-20","-0.50","4045","4095","3900","90910","361824054","46716500000","11650000"
"017390","서울가스","KOSPI",,"59600","-100","-0.17","59700","59800","58300","11642","685525150","298000000000","5000000"
"043710","서울리거","KOSDAQ","중견기업부","1287","32","2.55","1258","1397","1230","882398","1179735503","111405950370","86562510"
"092190","서울바이오시스","KOSDAQ","중견기업부","3180","-75","-2.30","3255","3255","3165","26265","84161570","145861457940","45868383"
"046890","서울반도체","KOSDAQ GLOBAL","중견기업부","6900","-100","-1.43","7000","7000","6860","159781","1101820220","402307260000","58305400"
"031210","서울보증보험","KOSPI",,"42700","-400","-0.93","43350","43350","42250","35531","1514357175","2981382234600","69821598"
"004410","서울식품","KOSPI",,"168","7","4.35","162","180","161","20188822","3456068323","62958933912","374755559"
"004415","서울식품우","KOSPI",,"1235","13","1.06","1234","1247","1230","5851","7219859","2747257500","2224500"
"063170","서울옥션","KOSDAQ","중견기업부","8970","-320","-3.44","9290","9320","8820","152776","1371967740","159435174990","17774267"
"027040","서울전자통신","KOSDAQ","관리종목(소속부없음)","262","-12","-4.38","271","271","257","325668","85924517","18232277914","69588847"
"018680","서울제약","KOSDAQ","벤처기업부","3350","-40","-1.18","3400","3420","3320","16953","56638065","39058718650","11659319"
"036120","서울평가정보","KOSDAQ","중견기업부","2435","60","2.53","2405","2480","2385","129384","315429188","86442500000","35500000"
"021050","서원","KOSPI",,"1352","8","0.60","1348","1379","1330","706985","958900609","64185645680","47474590"
"093920","서원인텍","KOSDAQ","우량기업부","5700","-30","-0.52","5740","5750","5670","6427","36555200","106020000000","18600000"
"189860","서전기전","KOSDAQ","투자주의환기종목(소속부없음)","4380","70","1.62","4330","4380","4225","43402","185794385","42480656400","9698780"
"178320","서진시스템","KOSDAQ","벤처기업부","21400","-100","-0.47","21500","21750","21050","130928","2797642225","1203706215600","56247954"
"122690","서진오토모티브","KOSDAQ","우량기업부","2395","5","0.21","2415","2415","2345","48682","116212231","53071856405","22159439"
"140070","서플러스글로벌","KOSDAQ","우량기업부","2485","-5","-0.20","2490","2490","2450","59320","146241650","91915180000","36988000"
"011370","서한","KOSDAQ","우량기업부","899","-7","-0.77","927","927","893","143052","128522383","90704483635","100894865"
"065710","서호전기","KOSDAQ","중견기업부","36900","-100","-0.27","37850","37850","35900","29289","1072737100","190035000000","5150000"
"008490","서흥","KOSPI",,"20250","300","1.50","19950","20450","19810","26528","534682485","234274538250","11569113"
"035890","서희건설","KOSDAQ","우량기업부","1862","10","0.54","1843","1863","1805","571160","1040944712","427903346934","229808457"
"357550","석경에이티","KOSDAQ","기술성장기업부","47100","-650","-1.36","47600","47600","46900","7878","371087250","256930500000","5455000"
"003100","선광","KOSDAQ","우량기업부","21100","-250","-1.17","21400","21400","20750","14719","308133350","139260000000","6600000"
"007610","선도전기","KOSPI",,"3000","0","0.00","0","0","0","0","0","54000000000","18000000"
"067370","선바이오","KOSDAQ","기술성장기업부","6980","100","1.45","6880","6980","6850","5918","40914280","85948613900","12313555"
"217620","선샤인푸드","KOSDAQ","관리종목(소속부없음)","3810","0","0.00","0","0","0","0","0","26803681470","7035087"
"171090","선익시스템","KOSDAQ","중견기업부","35600","-500","-1.39","35900","36000","34900","31930","1127908800","339517378000","9537005"
"136490","선진","KOSPI",,"12260","-330","-2.62","12520","12520","12070","99501","1216524940","291537945040","23779604"
"086710","선진뷰티사이언스","KOSDAQ","우량기업부","12890","-210","-1.60","13100","13200","12840","52056","676655280","157300279200","12203280"
"014620","성광벤드","KOSDAQ","우량기업부","29500","-800","-2.64","30000","30250","28550","277797","8120903050","783442238000","26557364"
"037350","성도이엔지","KOSDAQ","우량기업부","4735","5","0.11","4725","4765","4635","28735","134980595","73250450000","15470000"
"014910","성문전자","KOSPI",,"1231","18","1.48","1242","1242","1206","31423","38397935","27649472535","22460985"
"014915","성문전자우","KOSPI",,"4675","60","1.30","4620","4675","4615","31","143315","2805000000","600000"
"004980","성신양회","KOSPI",,"9360","-110","-1.16","9470","9780","8810","132618","1237773030","229470443280","24516073"
"004985","성신양회우","KOSPI",,"12120","-70","-0.57","12140","12260","11910","7204","86682720","8916017400","735645"
"011300","성안머티리얼스","KOSPI",,"457","2","0.44","455","467","451","108467","49284865","71117277475","155617675"
"458650","성우","KOSDAQ","벤처기업부","12750","-210","-1.62","12880","12900","12580","39730","503947560","191832292500","15045670"
"081580","성우전자","KOSDAQ","중견기업부","3135","-15","-0.48","3135","3150","3065","25589","79428340","48618028305","15508143"
"045300","성우테크론","KOSDAQ","중견기업부","3110","-10","-0.32","3120","3155","3075","30819","95574490","32180305150","10347365"
"015750","성우하이텍","KOSDAQ","우량기업부","5970","0","0.00","6000","6030","5880","200441","1191934975","477600000000","80000000"
"365340","성일하이텍","KOSDAQ","기술성장기업부","34000","400","1.19","33250","34000","33000","11728","391956375","414623710000","12194815"
"000180","성창기업지주","KOSPI",,"1630","13","0.80","1606","1656","1606","73532","119326464","113695108000","69751600"
"080470","성창오토텍","KOSDAQ","중견기업부","4160","-180","-4.15","4340","4390","4135","17975","76108365","30368000000","7300000"
"043260","성호전자","KOSDAQ","우량기업부","1168","-10","-0.85","1178","1182","1148","157019","181688697","82837857264","70922823"
"148150","세경하이테크","KOSDAQ","우량기업부","5900","-230","-3.75","6150","6150","5700","849093","4968293000","211576531100","35860429"
"002420","세기상사","KOSPI",,"5480","-10","-0.18","5480","5520","5320","4046","21855650","32715315040","5969948"
"188260","세니젠","KOSDAQ","기술성장기업부","2545","-50","-1.93","2620","2620","2505","17718","45071485","18396456150","7228470"
"053060","세동","KOSDAQ","중견기업부","1496","115","8.33","1369","1496","1369","425123","621184085","26415498824","17657419"
"340440","세림B&G","KOSDAQ","벤처기업부","1380","-3","-0.22","1382","1396","1356","53128","73026957","39162142320","28378364"
"017510","세명전기","KOSDAQ","중견기업부","7925","-25","-0.31","7920","8040","7710","489008","3839586290","120824550000","15246000"
"004360","세방","KOSPI",,"15680","-260","-1.63","16070","16130","15450","174785","2743793150","302760259200","19308690"
"004365","세방우","KOSPI",,"10900","160","1.49","10810","11020","10680","20358","220658085","40212825000","3689250"
"004490","세방전지","KOSPI",,"69700","-300","-0.43","70200","70500","69000","26007","1809739300","975800000000","14000000"
"011560","세보엠이씨","KOSDAQ","우량기업부","12520","-170","-1.34","12680","12680","12175","51422","633992835","131835600000","10530000"
"267080","세븐브로이맥주","KONEX","일반기업부","486","0","0.00","0","0","0","0","0","5769504288","11871408"
"396300","세아메카닉스","KOSDAQ","우량기업부","3410","-150","-4.21","3580","3580","3325","701239","2373310496","90329195000","26489500"
"001430","세아베스틸지주","KOSPI",,"30700","-50","-0.16","31450","31500","30300","264559","8176950325","1100967053300","35862119"
"306200","세아제강","KOSPI",,"154400","-3000","-1.91","155100","156900","152000","10037","1545480200","437924720000","2836300"
"003030","세아제강지주","KOSPI",,"223500","-1500","-0.67","221000","226000","219500","6084","1353526750","925660339500","4141657"
"019440","세아특수강","KOSPI",,"14890","-130","-0.87","15180","15180","14710","21609","320697560","127607300000","8570000"
"058650","세아홀딩스","KOSPI",,"137100","8200","6.36","128900","137500","124300","16883","2230744300","548400000000","4000000"
"013000","세우글로벌","KOSPI",,"1161","0","0.00","1162","1168","1158","27374","31786627","33326540991","28705031"
"100700","세운메디칼","KOSDAQ","우량기업부","2720","10","0.37","2720","2720","2675","89545","242503880","119136000000","43800000"
"024830","세원물산","KOSDAQ","우량기업부","9470","40","0.42","9430","9500","9170","29509","274093285","79074500000","8350000"
"091090","세원이앤씨","KOSPI",,"1270","0","0.00","0","0","0","0","0","66998498210","52754723"
"021820","세원정공","KOSPI",,"11800","-350","-2.88","12400","12400","11680","40068","472864560","118000000000","10000000"
"067830","세이브존I&C","KOSPI",,"2725","-55","-1.98","2770","2775","2695","35293","96077415","111836438875","41040895"
"258830","세종메디칼","KOSDAQ","관리종목(소속부없음)","412","0","0.00","0","0","0","0","0","22983976612","55786351"
"036630","세종텔레콤","KOSDAQ","중견기업부","5310","-120","-2.21","5540","5540","5290","13634","72676590","106200000000","20000000"
"039310","세중","KOSDAQ","중견기업부","1596","18","1.14","1578","1600","1555","7537","11900823","28922180532","18121667"
"075580","세진중공업","KOSPI",,"11160","-340","-2.96","11630","11630","11070","260556","2916755025","634439928960","56849456"
"067770","세진티에스","KOSDAQ","중견기업부","2410","-15","-0.62","2400","2425","2400","2253","5431040","20235789130","8396593"
"053450","세코닉스","KOSDAQ","우량기업부","6150","30","0.49","6180","6240","6050","162926","996560105","90975738450","14792803"
"222810","세토피아","KOSDAQ","관리종목(소속부없음)","5400","0","0.00","0","0","0","0","0","81712098000","15131870"
"252500","세화피앤씨","KOSDAQ","중견기업부","835","-10","-1.18","849","849","829","85975","71905824","34641135650","41486390"
"321370","센서뷰","KOSDAQ","기술성장기업부","1445","-40","-2.69","1485","1515","1406","604954","871062865","60978744235","42199823"
"347000","센코","KOSDAQ","기술성장기업부","2605","55","2.16","2560","2615","2505","386000","990499125","85977962480","33004976"
"331920","셀레믹스","KOSDAQ","기술성장기업부","3020","-20","-0.66","3080","3100","2980","4709","14103880","24655726960","8164148"
"352770","셀레스트라","KOSDAQ","관리종목(소속부없음)","5250","0","0.00","0","0","0","0","0","13610136750","2592407"
"471820","셀로맥스사이언스","KOSDAQ","벤처기업부","4755","-80","-1.65","4770","5460","4690","526619","2689179593","55367595645","11644079"
"049180","셀루메드","KOSDAQ","관리종목(소속부없음)","915","9","0.99","906","932","895","78156","70956037","50285712645","54957063"
"299660","셀리드","KOSDAQ","기술성장기업부","4445","-175","-3.79","4615","4650","4310","758032","3359538310","93802732765","21102977"
"108860","셀바스AI","KOSDAQ","벤처기업부","14700","-400","-2.65","15060","15110","14550","190734","2815839660","395647413000","26914790"
"208370","셀바스헬스케어","KOSDAQ","벤처기업부","4655","-55","-1.17","4750","4780","4615","57905","270454940","119822325420","25740564"
"318160","셀바이오휴먼텍","KOSDAQ","벤처기업부","7320","-110","-1.48","7430","7530","7260","16362","120507950","67789795320","9260901"
"308430","셀비온","KOSDAQ","기술성장기업부","21900","150","0.69","22950","23100","20800","391244","8681139025","280675480800","12816232"
"068270","셀트리온","KOSPI",,"167300","6900","4.30","160800","170400","160800","1276116","213805932350","37211862773400","222425958"
"068760","셀트리온제약","KOSDAQ","우량기업부","53000","2900","5.79","50500","57400","50400","1180801","63896590600","2314970676000","43678692"
"068940","셀피글로벌","KOSDAQ","관리종목(소속부없음)","778","0","0.00","0","0","0","0","0","29766744466","38260597"
"007720","소노스퀘어","KOSDAQ","중견기업부","906","-34","-3.62","948","948","906","171587","157825294","91325207700","100800450"
"060230","소니드","KOSDAQ","중견기업부","473","11","2.38","471","477","454","612455","285856020","34888136129","73759273"
"290690","소룩스","KOSDAQ","중견기업부","4645","-70","-1.48","4720","4805","4600","377872","1774633046","226398772465","48740317"
"950200","소마젠","KOSDAQ","외국기업(소속부없음)","3910","20","0.51","3890","3955","3860","11779","45890285","75212967230","19236053"
"032680","소프트센","KOSDAQ","중견기업부","344","-5","-1.43","351","351","338","537817","183402217","36323222816","105590764"
"032685","소프트센우","KOSDAQ","중견기업부","7340","60","0.82","7300","7370","7240","3852","28317560","2621422280","357142"
"258790","소프트캠프","KOSDAQ","벤처기업부","1315","0","0.00","0","0","0","0","0","32863538460","24991284"
"066910","손오공","KOSDAQ","중견기업부","1060","50","4.95","1031","1075","1008","625285","652637486","60597477920","57167432"
"215090","솔디펜스","KOSDAQ","중견기업부","779","56","7.75","729","794","709","1960507","1476096012","90191299595","115778305"
"336370","솔루스첨단소재","KOSPI",,"8110","-60","-0.73","8180","8180","8000","70613","569289960","569462659840","70217344"
"33637K","솔루스첨단소재1우","KOSPI",,"1691","-16","-0.94","1708","1720","1684","50077","84852837","28592723306","16908766"
"33637L","솔루스첨단소재2우B","KOSPI",,"4130","-40","-0.96","4170","4215","4040","4982","20361580","15604362480","3778296"
"248070","솔루엠","KOSPI",,"15960","-60","-0.37","16070","16200","15640","172724","2730568185","763147126560","47816236"
"035610","솔본","KOSDAQ","벤처기업부","4070","-65","-1.57","4180","4180","4035","17973","73306605","111298207790","27345997"
"357780","솔브레인","KOSDAQ GLOBAL","우량기업부","182200","1400","0.77","182000","182200","179100","11197","2023720350","1417254725200","7778566"
"036830","솔브레인홀딩스","KOSDAQ GLOBAL","우량기업부","41400","550","1.35","45250","45250","40250","172652","7335154450","867911918400","20964056"
"304100","솔트룩스","KOSDAQ","기술성장기업부","45350","-700","-1.52","46100","46650","45050","146844","6701720725","550121258800","12130568"
"328380","솔트웨어","KOSDAQ","벤처기업부","1237","-38","-2.98","1305","1305","1221","98677","122767083","42383056386","34262778"
"004430","송원산업","KOSPI",,"12610","30","0.24","12580","12630","12430","13966","175158150","302640000000","24000000"
"086980","쇼박스","KOSDAQ","중견기업부","2855","-30","-1.04","2870","2895","2790","473774","1340258720","178831490000","62638000"
"017550","수산세보틱스","KOSPI",,"1789","2","0.11","1794","1794","1781","65507","116860611","111632043570","62399130"
"050960","수산아이앤티","KOSDAQ","벤처기업부","11120","80","0.72","11050","11240","10840","27278","301135765","75071120000","6751000"
"126720","수산인더스트리","KOSPI",,"25850","-850","-3.18","26850","26850","25550","87888","2273053025","369293100000","14286000"
"084180","수성웹툰","KOSDAQ","중견기업부","4955","-65","-1.29","5020","5020","4825","27193","133569690","89558072265","18074283"
"253840","수젠텍","KOSDAQ","벤처기업부","6920","60","0.87","6870","6920","6780","114972","787201845","115862944000","16743200"
"185190","수프로","KONEX","일반기업부","1100","0","0.00","0","0","0","0","0","10162487500","9238625"
"298830","슈어소프트테크","KOSDAQ","벤처기업부","5370","-80","-1.47","5460","5470","5270","223366","1191611545","282564357570","52619061"
"236200","슈프리마","KOSDAQ","우량기업부","33450","-800","-2.34","34150","34150","32900","34374","1142987100","242755781850","7257273"
"094840","슈프리마에이치큐","KOSDAQ","벤처기업부","7400","-40","-0.54","7490","7500","7250","48783","356789220","77491616000","10471840"
"192440","슈피겐코리아","KOSDAQ","우량기업부","27700","-50","-0.18","27800","27800","26900","6244","172091625","172193255100","6216363"
"424960","스마트레이더시스템","KOSDAQ","기술성장기업부","8240","-260","-3.06","8530","8540","8150","70546","582806640","129181281600","15677340"
"099440","스맥","KOSDAQ","우량기업부","2990","-50","-1.64","3010","3070","2920","990179","2956613097","120327748060","40243394"
"053210","스카이라이프","KOSPI",,"5050","0","0.00","5050","5060","4975","31242","156573118","239990922750","47522955"
"276040","스코넥","KOSDAQ","기술성장기업부","3120","80","2.63","3040","3200","2980","798451","2496951583","40030645200","12830335"
"204210","스타에스엠리츠","KOSPI",,"2035","0","0.00","0","0","0","0","0","15927568525","7826815"
"060240","스타코링크","KOSDAQ","관리종목(소속부없음)","1976","0","0.00","0","0","0","0","0","6385281968","3231418"
"115570","스타플렉스","KOSDAQ","중견기업부","3400","55","1.64","3305","3400","3280","20003","67107827","27147327200","7984508"
"330730","스톤브릿지벤처스","KOSDAQ","중견기업부","4405","-110","-2.44","4540","4540","4375","36227","159800274","79954406150","18150830"
"352090","스톰테크","KOSDAQ","중견기업부","3920","-70","-1.75","3870","4010","3790","717698","2772060528","105342152160","26872998"
"253450","스튜디오드래곤","KOSDAQ GLOBAL","우량기업부","49800","-1000","-1.97","50600","51200","49200","74400","3704288675","1496913200400","30058498"
"408900","스튜디오미르","KOSDAQ","중견기업부","3735","-80","-2.10","3820","3935","3640","457323","1699074152","122244802020","32729532"
"204630","스튜디오산타클로스","KOSDAQ","관리종목(소속부없음)","4650","0","0.00","0","0","0","0","0","23668225650","5089941"
"415380","스튜디오삼익","KOSDAQ","중견기업부","10240","930","9.99","9310","10240","9230","110571","1088394390","43269099520","4225498"
"026890","스틱인베스트먼트","KOSPI",,"10670","-240","-2.20","10900","10900","10570","68673","734595835","444706127250","41678175"
"013810","스페코","KOSDAQ","중견기업부","3050","-5","-0.16","3065","3070","3010","79926","242289170","44699183500","14655470"
"347700","스피어","KOSDAQ","기술성장기업부","10170","-10","-0.10","10180","10200","9710","202526","1998331445","398953021230","39228419"
"049830","승일","KOSDAQ","중견기업부","9040","40","0.44","9050","9290","8990","1537","13955700","55434292480","6132112"
"020710","시공테크","KOSDAQ","우량기업부","3915","-5","-0.13","3940","3945","3865","75059","291706800","78487802550","20047970"
"033170","시그네틱스","KOSDAQ","중견기업부","673","-3","-0.44","682","686","668","111533","75202954","57695158687","85728319"
"048870","시너지이노베이션","KOSDAQ","벤처기업부","2815","-5","-0.18","2820","2825","2745","279332","776432327","248011045665","88103391"
"025320","시노펙스","KOSDAQ","우량기업부","7450","-190","-2.49","7530","7620","7400","499819","3738060385","653516205200","87720296"
"134790","시디즈","KOSPI",,"32900","-100","-0.30","33000","33150","31700","6839","222277925","65800000000","2000000"
"340810","시선AI","KOSDAQ","기술성장기업부","4520","-180","-3.83","4720","4720","4465","304838","1386127830","55857454880","12357844"
"269620","시스웍","KOSDAQ","관리종목(소속부없음)","889","0","0.00","0","0","0","0","0","132090012299","148582691"
"056090","시지메드텍","KOSDAQ","벤처기업부","1005","-28","-2.71","1027","1046","993","2065798","2086119964","103775331180","103259036"
"429270","시지트로닉스","KOSDAQ","기술성장기업부","5860","180","3.17","5760","6110","5570","111203","651995305","27296759000","4658150"
"418250","시큐레터","KOSDAQ","관리종목(소속부없음)","6550","0","0.00","0","0","0","0","0","52279100100","7981542"
"131090","시큐브","KOSDAQ","벤처기업부","4415","55","1.26","4415","4445","4350","9130","40015918","35320000000","8000000"
"462870","시프트업","KOSPI",,"45800","-2250","-4.68","48000","48250","45650","189831","8790385600","2692202776000","58781720"
"016590","신대양제지","KOSPI",,"12680","-430","-3.28","12980","13010","12440","31245","394845430","510976357600","40297820"
"290520","신도기연","KOSDAQ","투자주의환기종목(소속부없음)","1690","2","0.12","1688","1697","1672","6670","11237637","26920621780","15929362"
"029530","신도리코","KOSPI",,"51000","-500","-0.97","51500","51900","49400","16042","804985550","514081479000","10080029"
"004970","신라교역","KOSPI",,"10210","20","0.20","10190","10270","10060","19773","200652600","163360000000","16000000"
"001000","신라섬유","KOSDAQ","중견기업부","1996","49","2.52","1922","2185","1920","1078509","2226845044","48457969840","24277540"
"025870","신라에스지","KOSDAQ","중견기업부","6100","-20","-0.33","6280","6280","6020","23441","142995490","24400000000","4000000"
"215600","신라젠","KOSDAQ","중견기업부","3055","5","0.16","3075","3135","2995","530179","1613108667","421986648980","138129836"
"065350","신성델타테크","KOSDAQ","우량기업부","66400","-1400","-2.06","66900","67400","65100","101545","6710260050","1824934147200","27483948"
"416180","신성에스티","KOSDAQ","벤처기업부","29350","-650","-2.17","30000","30250","28750","32375","945180700","265317484300","9039778"
"011930","신성이엔지","KOSPI",,"1501","-9","-0.60","1545","1545","1488","1986827","2996900403","308978074651","205848151"
"005390","신성통상","KOSPI",,"4080","0","0.00","4080","4090","4080","142538","582064814","586330231200","143708390"
"004170","신세계","KOSPI",,"191200","-800","-0.42","191000","192000","187600","20544","3897138300","1844158607200","9645181"
"035510","신세계 I&C","KOSPI",,"18380","-360","-1.92","19010","19150","18220","258956","4807930965","256968942000","13980900"
"031430","신세계인터내셔날","KOSPI",,"12540","120","0.97","12550","12640","12320","84009","1045665840","443201220000","35343000"
"031440","신세계푸드","KOSPI",,"39650","-50","-0.13","39700","39750","39100","4686","184750350","153543832000","3872480"
"006880","신송홀딩스","KOSPI",,"8150","-90","-1.09","8200","8230","8010","74619","604736000","96405192700","11828858"
"162300","신스틸","KOSDAQ","우량기업부","2240","-20","-0.88","2255","2290","2200","73443","163367565","92895895680","41471382"
"290560","신시웨이","KOSDAQ","벤처기업부","6900","-70","-1.00","6930","6940","6840","6211","42669800","26758006800","3877972"
"002800","신신제약","KOSDAQ","중견기업부","5700","20","0.35","5650","5720","5580","83095","467408120","86471850000","15170500"
"472220","신영스팩10호","KOSDAQ","SPAC(소속부없음)","2165","-15","-0.69","2175","2175","2165","7481","16225555","10153850000","4690000"
"430220","신영스팩8호","KOSDAQ","SPAC(소속부없음)","2180","-70","-3.11","2250","2270","2155","214637","473071090","14736800000","6760000"
"445970","신영스팩9호","KOSDAQ","관리종목(소속부없음)","2120","-5","-0.24","2125","2125","2120","37673","79867575","11363200000","5360000"
"005800","신영와코루","KOSPI",,"13040","-40","-0.31","13010","13270","12840","5744","74475500","117360000000","9000000"
"001720","신영증권","KOSPI",,"119700","-5500","-4.39","127500","128200","118700","21044","2553067250","1967868000000","16440000"
"009270","신원","KOSPI",,"1806","19","1.06","1787","1820","1762","1904645","3402831533","199790252592","110625832"
"017000","신원종합개발","KOSDAQ","우량기업부","2875","-25","-0.86","2880","2915","2845","51278","146925570","33545577625","11668027"
"002700","신일전자","KOSPI",,"1589","64","4.20","1540","1773","1518","49424883","82852740913","112894510869","71047521"
"012790","신일제약","KOSDAQ","우량기업부","6650","-50","-0.75","6690","6690","6600","37343","247090570","79709659750","11986415"
"138070","신진에스엠","KOSDAQ","중견기업부","2400","5","0.21","2405","2405","2360","38136","90579035","42007689600","17503204"
"226330","신테카바이오","KOSDAQ","기술성장기업부","7130","-140","-1.93","7400","7400","7080","76439","549430250","108792926750","15258475"
"002870","신풍","KOSPI",,"1190","14","1.19","1189","1190","1155","86623","101432573","41600853000","34958700"
"019170","신풍제약","KOSPI",,"14630","-670","-4.38","15050","15170","14500","296271","4386118570","775170403700","52984990"
"019175","신풍제약우","KOSPI",,"34250","-1850","-5.12","35700","35700","34000","13735","473473300","75350000000","2200000"
"481850","신한글로벌액티브리츠","KOSPI",,"1472","-1","-0.07","1477","1477","1460","95839","140373377","63999121408","43477664"
"404990","신한서부티엔디리츠","KOSPI",,"3525","20","0.57","3505","3555","3465","160363","564233772","198301462350","56255734"
"293940","신한알파리츠","KOSPI",,"5600","-30","-0.53","5680","5680","5580","186985","1048522015","677264688800","120940123"
"452980","신한제11호스팩","KOSDAQ","SPAC(소속부없음)","2027","-3","-0.15","2030","2030","2025","30810","62429786","38320435000","18905000"
"474660","신한제12호스팩","KOSDAQ","SPAC(소속부없음)","2085","-30","-1.42","2095","2110","2085","2408","5023040","11509200000","5520000"
"474930","신한제13호스팩","KOSDAQ","SPAC(소속부없음)","2165","5","0.23","2120","2170","2120","80","170375","7837300000","3620000"
"487360","신한제14호스팩","KOSDAQ","SPAC(소속부없음)","2055","-5","-0.24","2055","2055","2055","1007","2069385","11590200000","5640000"
"487830","신한제15호스팩","KOSDAQ","SPAC(소속부없음)","2065","0","0.00","2060","2065","2060","72","148560","8982750000","4350000"
"496070","신한제16호스팩","KOSDAQ","SPAC(소속부없음)","2025","0","0.00","2025","2025","2015","27256","55047435","11380500000","5620000"
"055550","신한지주","KOSPI",,"61700","-500","-0.80","62300","62900","60800","1205481","74382941455","30593455410500","495842065"
"056700","신화인터텍","KOSDAQ","중견기업부","1899","-15","-0.78","1899","1922","1830","25834","48926856","55327537809","29135091"
"187270","신화콘텍","KOSDAQ","벤처기업부","3530","-70","-1.94","3595","3595","3515","27016","95566305","35807772850","10143845"
"004080","신흥","KOSPI",,"14490","-30","-0.21","14590","14590","14480","454","6583690","137655000000","9500000"
"243840","신흥에스이씨","KOSDAQ","우량기업부","3875","5","0.13","3830","3875","3805","80308","307444301","149413160625","38558235"
"257720","실리콘투","KOSDAQ","우량기업부","58800","-2400","-3.92","61300","62300","57500","1200083","70889417700","3596908190400","61171908"
"222800","심텍","KOSDAQ GLOBAL","우량기업부","22400","-1150","-4.88","23450","23500","21700","490752","10888177000","713532803200","31854143"
"036710","심텍홀딩스","KOSDAQ","중견기업부","1632","20","1.24","1612","1638","1530","139456","220151993","79516391328","48723279"
"444530","심플랫폼","KOSDAQ","기술성장기업부","13200","-1090","-7.63","14290","14290","13070","301833","4049545455","82384196400","6241227"
"160980","싸이맥스","KOSDAQ","우량기업부","12960","80","0.62","12820","12960","12680","31956","409489840","141578189280","10924243"
"356890","싸이버원","KOSDAQ","벤처기업부","3490","-5","-0.14","3495","3495","3430","24241","83656435","41718849250","11953825"
"217330","싸이토젠","KOSDAQ","기술성장기업부","3045","-40","-1.30","3090","3115","3020","50027","152952667","70429470615","23129547"
"102280","쌍방울","KOSPI",,"2690","0","0.00","0","0","0","0","0","70637274900","26259210"
"004770","써니전자","KOSPI",,"1807","-68","-3.63","1875","1887","1781","1039887","1899748253","66322111388","36702884"
"217320","썬테크","KONEX","일반기업부","1090","0","0.00","0","0","0","0","0","1144500000","1050000"
"208640","썸에이지","KOSDAQ","중견기업부","247","-6","-2.37","253","254","246","326955","81037167","34392342738","139240254"
"222420","쎄노텍","KOSDAQ","벤처기업부","814","3","0.37","812","824","784","121248","97190987","37004628034","45460231"
"037760","쎄니트","KOSDAQ","우량기업부","1650","12","0.73","1638","1650","1635","4582","7535241","55824319650","33832921"
"081180","쎄크","KOSDAQ","기술성장기업부","10590","-340","-3.11","10910","10940","10550","56984","608018220","93462415650","8825535"
"099320","쎄트렉아이","KOSDAQ","우량기업부","46650","-800","-1.69","47700","47700","45550","44678","2064754800","510877118700","10951278"
"049960","쎌바이오텍","KOSDAQ","벤처기업부","12800","-80","-0.62","12990","13000","12750","6571","84229555","120320000000","9400000"
"088280","쏘닉스","KOSDAQ","기술성장기업부","2465","-5","-0.20","2455","2485","2420","17722","43386600","42660497850","17306490"
"403550","쏘카","KOSPI",,"13210","-100","-0.75","13310","13340","13100","6096","80211340","433841525420","32841902"
"050890","쏠리드","KOSDAQ","우량기업부","6990","-130","-1.83","7100","7110","6890","366164","2555202490","427055664690","61095231"
"394800","쓰리빌리언","KOSDAQ","기술성장기업부","7400","90","1.23","7460","7650","7250","564965","4216193555","234739388600","31721539"
"177900","쓰리에이로직스","KOSDAQ","기술성장기업부","6780","-140","-2.02","6870","6920","6610","128666","867585710","64808664000","9558800"
"475400","씨메스","KOSDAQ","기술성장기업부","23550","-800","-3.29","24350","24350","23300","56427","1332686650","275177369700","11684814"
"109670","씨싸이트","KOSDAQ","중견기업부","6620","-40","-0.60","6610","6660","6500","4901","32339890","38638305240","5836602"
"066790","씨씨에스","KOSDAQ","중견기업부","1493","0","0.00","0","0","0","0","0","97271994227","65152039"
"222080","씨아이에스","KOSDAQ GLOBAL","우량기업부","6950","-40","-0.57","6990","6990","6850","164773","1137758970","537734281050","77371839"
"004920","씨아이테크","KOSPI",,"1227","22","1.83","1207","1227","1202","77338","93662707","61430728011","50065793"
"236030","씨알푸드","KONEX","일반기업부","900","1","0.11","900","900","900","3","2700","1829998800","2033332"
"103660","씨앗","KONEX","일반기업부","689","9","1.32","700","700","600","250","160189","4146037519","6017471"
"352480","씨앤씨인터내셔널","KOSDAQ","우량기업부","33250","-200","-0.60","33450","33800","32500","49749","1642220950","332963538250","10013941"
"245450","씨앤에스링크","KONEX","일반기업부","1399","99","7.62","1300","1399","1300","11","14399","2210364040","1579960"
"264660","씨앤지하이테크","KOSDAQ","우량기업부","12470","-80","-0.64","12650","12650","12230","50726","626272740","121223014840","9721172"
"352700","씨앤투스","KOSDAQ","우량기업부","2670","-15","-0.56","2640","2690","2605","21924","57702880","70159320330","26276899"
"458870","씨어스테크놀로지","KOSDAQ","기술성장기업부","26050","550","2.16","25500","26600","25350","163729","4263205875","327992424000","12590880"
"297090","씨에스베어링","KOSDAQ","중견기업부","7190","20","0.28","7260","7350","7040","87060","622244390","196071300000","27270000"
"112610","씨에스윈드","KOSPI",,"47500","250","0.53","47650","47950","46700","267229","12605615200","2003141642500","42171403"
"900120","씨엑스아이","KOSDAQ","외국기업(소속부없음)","69","5","7.81","69","78","66","75017884","5445725350","20739871305","300577845"
"359090","씨엔알리서치","KOSDAQ","벤처기업부","1015","1","0.10","1014","1024","1008","43679","44146792","57576779365","56725891"
"115530","씨엔플러스","KOSDAQ","중견기업부","541","-7","-1.28","560","560","519","667084","353608360","36767983000","67963000"
"115480","씨유메디칼","KOSDAQ","중견기업부","620","0","0.00","615","626","612","50144","31087808","37587225960","60624558"
"376290","씨유테크","KOSDAQ","벤처기업부","3390","0","0.00","3400","3455","3350","4457","15098225","59858925000","17657500"
"189330","씨이랩","KOSDAQ","기술성장기업부","7930","-150","-1.86","8080","8080","7700","21569","169145900","48311812120","6092284"
"096530","씨젠","KOSDAQ","우량기업부","32750","0","0.00","32800","33050","32550","143522","4697400475","1710401303500","52225994"
"480370","씨케이솔루션","KOSPI",,"11880","-360","-2.94","12340","12360","11700","65421","779056390","129906148680","10934861"
"101240","씨큐브","KOSDAQ","우량기업부","4600","350","8.24","4250","4775","4180","276146","1246251471","47568356200","10340947"
"060590","씨티씨바이오","KOSDAQ","중견기업부","6450","10","0.16","6450","6500","6310","16949","107883520","155967579000","24181020"
"308170","씨티알모빌리티","KOSPI",,"5900","-170","-2.80","6160","6160","5830","89290","530801230","50799000000","8610000"
"260930","씨티케이","KOSDAQ","중견기업부","4635","-50","-1.07","4645","4780","4500","365887","1688581965","89648274285","19341591"
"413630","씨피시스템","KOSDAQ","벤처기업부","1321","0","0.00","1321","1337","1299","35779","47115115","48132782946","36436626"
"013990","아가방컴퍼니","KOSDAQ","우량기업부","5730","-70","-1.21","5840","5860","5610","281812","1614708160","188445581280","32887536"
"123860","아나패스","KOSDAQ","벤처기업부","17990","-10","-0.06","18150","18150","17800","11404","203653570","218100235850","12123415"
"025980","아난티","KOSDAQ","우량기업부","10590","-190","-1.76","10550","10640","10380","1153182","12102065490","938586172020","88629478"
"008700","아남전자","KOSPI",,"1520","18","1.20","1502","1530","1482","387676","583568742","117229726400","77124820"
"125210","아모그린텍","KOSDAQ","우량기업부","6290","40","0.64","6240","6290","6100","47835","295216020","103764809100","16496790"
"090430","아모레퍼시픽","KOSPI",,"135800","-1700","-1.24","137500","138800","132800","171865","23214462400","7943316672200","58492759"
"090435","아모레퍼시픽우","KOSPI",,"44850","-900","-1.97","45900","45900","44150","29194","1306532500","473518675500","10557830"
"002790","아모레퍼시픽홀딩스","KOSPI",,"31700","-800","-2.46","32650","33250","31500","135143","4339090275","2518824306000","79458180"
"00279K","아모레퍼시픽홀딩스3우C","KOSPI",,"23700","-600","-2.47","24650","24650","23600","8332","199936525","168085140000","7092200"
"002795","아모레퍼시픽홀딩스우","KOSPI",,"13090","-140","-1.06","13230","13400","12700","16258","212160075","84348949300","6443770"
"357580","아모센스","KOSDAQ","기술성장기업부","6460","-140","-2.12","6590","6600","6330","62282","400610820","72482905440","11220264"
"052710","아모텍","KOSDAQ","중견기업부","10170","-210","-2.02","10380","10390","10000","102111","1027224020","148635658530","14615109"
"074430","아미노로직스","KOSDAQ","중견기업부","1120","-38","-3.28","1155","1155","1097","484153","539046089","98366065280","87826844"
"092040","아미코젠","KOSDAQ","기술성장기업부","3665","-110","-2.91","3795","3795","3625","165121","604273935","201642241755","55018347"
"083930","아바코","KOSDAQ","우량기업부","11980","-120","-0.99","12090","12170","11900","71759","859969330","175833443020","14677249"
"149950","아바텍","KOSDAQ","우량기업부","8040","-90","-1.11","8115","8130","7930","19400","155205570","125484300000","15607500"
"036010","아비코전자","KOSDAQ","중견기업부","5290","-70","-1.31","5360","5360","5200","26779","140639690","70319620860","13292934"
"002030","아세아","KOSPI",,"322000","-2000","-0.62","325000","326500","314500","2106","669767000","671093080000","2084140"
"183190","아세아시멘트","KOSPI",,"12500","-70","-0.56","12780","12780","12250","28638","353937680","466834625000","37346770"
"002310","아세아제지","KOSPI",,"8300","-140","-1.66","8450","8490","8250","49880","414737400","345549833000","41632510"
"050860","아세아텍","KOSDAQ","우량기업부","2310","-60","-2.53","2375","2375","2290","44927","103592986","51975000000","22500000"
"012170","아센디오","KOSPI",,"3085","75","2.49","3010","3495","3000","388069","1247163708","33545497155","10873743"
"136410","아셈스","KOSDAQ","벤처기업부","7860","-30","-0.38","7950","7950","7750","22752","177532460","86610173160","11019106"
"246720","아스타","KOSDAQ","벤처기업부","4707","-58","-1.22","4770","4775","4620","13052","61100082","63861281100","13567300"
"450950","아스테라시스","KOSDAQ","벤처기업부","11210","-940","-7.74","12150","12210","11130","410975","4689614250","411346936820","36694642"
"067390","아스트","KOSDAQ","중견기업부","562","-6","-1.06","568","572","558","583702","328056232","222078559398","395157579"
"159010","아스플로","KOSDAQ","벤처기업부","3910","-40","-1.01","4035","4035","3860","9889","38471300","52138829490","13334739"
"127710","아시아경제","KOSDAQ","중견기업부","1072","-1","-0.09","1080","1080","1062","12855","13754136","37417175904","34904082"
"267850","아시아나IDT","KOSPI",,"11950","-60","-0.50","12120","12130","11860","3076","36663190","132645000000","11100000"
"020560","아시아나항공","KOSPI",,"9720","70","0.73","9690","9780","9630","49215","477210560","2002229710920","205990711"
"154030","아시아종묘","KOSDAQ","벤처기업부","2690","-30","-1.10","2780","2870","2665","150297","416740964","32446422230","12061867"
"227610","아우딘퓨쳐스","KOSDAQ","중견기업부","1115","20","1.83","1104","1122","1055","57181","62988964","39675654905","35583547"
"143160","아이디스","KOSDAQ","우량기업부","14850","-130","-0.87","14980","15030","14770","5879","87111960","159138391500","10716390"
"054800","아이디스홀딩스","KOSDAQ","중견기업부","10940","70","0.64","11100","11140","10570","45901","495602070","113204450640","10347756"
"332370","아이디피","KOSDAQ","중견기업부","4535","15","0.33","4585","4585","4520","3430","15598135","60196347410","13273726"
"066430","아이로보틱스","KOSDAQ","중견기업부","1343","-152","-10.17","1495","1531","1332","250461","352968243","52583118268","39153476"
"122900","아이마켓코리아","KOSPI",,"8230","-40","-0.48","8270","8290","8180","22817","187505835","275119353200","33428840"
"339950","아이비김영","KOSDAQ","중견기업부","2025","-20","-0.98","2050","2050","1991","77110","155104411","91016976375","44946655"
"469750","아이비젼웍스","KOSDAQ","벤처기업부","876","-9","-1.02","894","897","873","74215","65317821","29728357356","33936481"
"460470","아이빔테크놀로지","KOSDAQ","기술성장기업부","3295","-45","-1.35","3315","3410","3070","75206","244139850","49744186650","15096870"
"099190","아이센스","KOSDAQ","우량기업부","17460","-50","-0.29","17430","17620","17210","32146","559858930","481667727960","27586926"
"461300","아이스크림미디어","KOSDAQ","중견기업부","19740","-180","-0.90","19990","20100","19450","27828","547550250","260112657420","13176933"
"289010","아이스크림에듀","KOSDAQ","중견기업부","1929","-22","-1.13","1953","1953","1912","159988","308665306","26900398824","13945256"
"214430","아이쓰리시스템","KOSDAQ","우량기업부","95300","-2700","-2.76","98000","98700","93500","45499","4348582650","677274228000","7106760"
"040910","아이씨디","KOSDAQ","투자주의환기종목(소속부없음)","3940","-55","-1.38","3995","4080","3895","51192","200879065","73182643500","18574275"
"368600","아이씨에이치","KOSDAQ","기술성장기업부","2680","-50","-1.83","2740","2740","2665","18936","50798631","47002767280","17538346"
"456010","아이씨티케이","KOSDAQ","기술성장기업부","15480","-950","-5.78","16040","16360","15440","239267","3773278545","207752064480","13420676"
"052860","아이앤씨","KOSDAQ","벤처기업부","1867","-3","-0.16","1911","1911","1850","4792","8904621","33349948418","17862854"
"464500","아이언디바이스","KOSDAQ","기술성장기업부","3405","-135","-3.81","3505","3530","3360","154303","526127925","47544910515","13963263"
"010780","아이에스동서","KOSPI",,"21350","-300","-1.39","21700","21800","20950","23688","501935775","644491937600","30186976"
"212710","아이에스티이","KOSDAQ","기술성장기업부","9190","-210","-2.23","9310","9400","9060","78660","723191800","85333542820","9285478"
"038880","아이에이","KOSDAQ","중견기업부","214","-5","-2.28","220","220","212","837629","179484798","80404331450","375721175"
"307180","아이엘","KOSDAQ","벤처기업부","2700","-20","-0.74","2780","2780","2640","55660","149176870","76849087500","28462625"
"101390","아이엠","KOSDAQ","관리종목(소속부없음)","396","0","0.00","0","0","0","0","0","5140810224","12981844"
"461030","아이엠비디엑스","KOSDAQ","기술성장기업부","8020","-190","-2.31","8150","8170","7960","28207","226277560","112422355000","14017750"
"456570","아이엠지티","KONEX","일반기업부","10400","-490","-4.50","10600","10890","10150","481","4989490","53320976800","5127017"
"451220","아이엠티","KOSDAQ","기술성장기업부","9670","-70","-0.72","9740","9800","9600","25987","251012820","76147488370","7874611"
"447690","아이오바이오","KONEX","일반기업부","4150","100","2.47","4655","4655","3500","102","359055","10915562400","2630256"
"090150","아이윈","KOSDAQ","중견기업부","771","-3","-0.39","765","783","762","16026","12293988","32285850903","41875293"
"123010","아이윈플러스","KOSDAQ","기술성장기업부","1059","-18","-1.67","1077","1088","1049","176928","187384930","34585395978","32658542"
"031310","아이즈비전","KOSDAQ","중견기업부","1651","-12","-0.72","1672","1672","1623","109700","180219265","43512175993","26355043"
"462980","아이지넷","KOSDAQ","기술성장기업부","3045","-70","-2.25","3125","3125","3015","92441","281296695","55523860665","18234437"
"185490","아이진","KOSDAQ","벤처기업부","3040","-50","-1.62","3090","3135","2940","63095","190636052","82170543360","27029784"
"059100","아이컴포넌트","KOSDAQ","벤처기업부","5010","15","0.30","5010","5040","4930","25323","125849740","35425008600","7070860"
"149010","아이케이세미콘","KONEX","일반기업부","6030","-300","-4.74","6020","6360","6020","119","719080","18813600000","3120000"
"262840","아이퀘스트","KOSDAQ","벤처기업부","2335","-90","-3.71","2405","2415","2320","61742","144803455","49347668175","21133905"
"175250","아이큐어","KOSDAQ","기술성장기업부","1990","2","0.10","1988","2045","1963","57209","113800247","74741152320","37558368"
"052460","아이크래프트","KOSDAQ","중견기업부","2445","-40","-1.61","2490","2500","2415","69846","170720835","35716403520","14607936"
"119830","아이텍","KOSDAQ","중견기업부","6130","-20","-0.33","6170","6200","6050","110318","674224280","135580532460","22117542"
"052770","아이톡시","KOSDAQ","관리종목(소속부없음)","1362","71","5.50","1300","1378","1282","551926","735941205","75975991092","55782666"
"124500","아이티센글로벌","KOSDAQ","중견기업부","24650","-750","-2.95","25700","25850","24200","397632","9888749550","571991590550","23204527"
"031820","아이티센씨티에스","KOSPI",,"654","-18","-2.68","674","676","644","370106","242019354","79167658764","121051466"
"010280","아이티센엔텍","KOSDAQ","중견기업부","1155","-56","-4.62","1230","1233","1143","924473","1087457746","75217972830","65123786"
"243870","아이티센코어","KONEX","일반기업부","8710","-170","-1.91","8600","8710","8600","212","1845640","25194816010","2892631"
"232830","아이티센피엔에스","KOSDAQ","벤처기업부","2915","-40","-1.35","3080","3080","2905","119985","357630805","34127280880","11707472"
"372800","아이티아이즈","KOSDAQ","벤처기업부","7200","-380","-5.01","7600","7600","7180","23689","172393075","43538328000","6046990"
"084850","아이티엠반도체","KOSDAQ GLOBAL","중견기업부","12250","40","0.33","12510","12510","12060","25757","313516080","277865941500","22682934"
"114840","아이패밀리에스씨","KOSDAQ","우량기업부","18070","-90","-0.50","18130","18290","17750","64530","1157235055","312970593000","17319900"
"027360","아주IB투자","KOSDAQ","벤처기업부","2400","-50","-2.04","2450","2450","2380","307941","738918921","290268974400","120945406"
"139990","아주스틸","KOSPI",,"4120","25","0.61","4115","4155","4090","10923","45048350","159672305680","38755414"
"032080","아즈텍WB","KOSDAQ","중견기업부","1330","-5","-0.37","1345","1345","1306","16327","21608169","28583068570","21491029"
"013310","아진산업","KOSDAQ","우량기업부","2845","10","0.35","2835","2870","2755","193294","542161555","110404725790","38806582"
"059120","아진엑스텍","KOSDAQ","벤처기업부","6620","-30","-0.45","6700","6750","6550","28705","189900920","64535705520","9748596"
"009320","아진전자부품","KOSPI",,"1005","-12","-1.18","1017","1017","962","196259","195993134","49546268850","49299770"
"203690","아크솔루션스","KOSDAQ","관리종목(소속부없음)","4425","0","0.00","0","0","0","0","0","76921522875","17383395"
"158430","아톤","KOSDAQ","벤처기업부","9460","-520","-5.21","10060","10350","9100","947032","8976097460","234597130460","24798851"
"200350","아티스트스튜디오","KOSDAQ","기술성장기업부","10830","-140","-1.28","11010","11170","10680","114362","1240963435","108256950750","9996025"
"321820","아티스트컴퍼니","KOSDAQ","기술성장기업부","8000","-230","-2.79","8290","8330","7820","127535","1019606350","124731008000","15591376"
"149300","아퓨어스","KONEX","일반기업부","53","-1","-1.85","54","54","50","11487","574684","2410771356","45486252"
"102950","아하","KONEX","일반기업부","2235","25","1.13","2280","2310","2060","129","284765","29327453205","13121903"
"001540","안국약품","KOSDAQ","우량기업부","7950","-100","-1.24","8050","8120","7890","21641","172164870","103687239000","13042420"
"053800","안랩","KOSDAQ","우량기업부","69100","800","1.17","68500","70000","67900","48306","3339292900","768841564600","11126506"
"251280","안지오랩","KONEX","일반기업부","4200","-200","-4.55","4200","4200","4200","8","33600","13781644800","3281344"
"065660","안트로젠","KOSDAQ","기술성장기업부","22700","-150","-0.66","22650","23450","22350","24923","569245325","227138470000","10006100"
"297570","알로이스","KOSDAQ","벤처기업부","893","-4","-0.45","901","901","883","30127","26818129","30916747674","34621218"
"001780","알루코","KOSPI",,"2290","-5","-0.22","2295","2300","2240","213925","484741389","221741002280","96830132"
"260660","알리코제약","KOSDAQ","중견기업부","4480","110","2.52","4410","4540","4345","190353","847322400","68665054080","15327021"
"354320","알멕","KOSDAQ","기술성장기업부","23000","200","0.88","22800","23000","22600","11380","258345300","147001763000","6391381"
"361570","알비더블유","KOSDAQ","중견기업부","2235","-25","-1.11","2260","2275","2150","98511","217486047","64241255385","28743291"
"131370","알서포트","KOSDAQ","벤처기업부","3060","-60","-1.92","3110","3130","3045","174221","535797006","162997273980","53267083"
"140670","알에스오토메이션","KOSDAQ","벤처기업부","15560","-320","-2.02","15850","15990","15350","61314","955854570","144756858400","9303140"
"096610","알에프세미","KOSDAQ","투자주의환기종목(소속부없음)","2965","0","0.00","0","0","0","0","0","51550708615","17386411"
"061040","알에프텍","KOSDAQ","중견기업부","2890","-10","-0.34","2910","2950","2830","161504","463446098","92737958510","32089259"
"148250","알엔투테크놀로지","KOSDAQ","벤처기업부","7400","30","0.41","7380","7550","7240","20825","152612310","69905372800","9446672"
"347860","알체라","KOSDAQ","벤처기업부","3060","-25","-0.81","3100","3115","2980","497013","1507444373","118455540660","38710961"
"196170","알테오젠","KOSDAQ GLOBAL","우량기업부","388000","15500","4.16","383000","394500","377000","427684","165160082500","20744407584000","53464968"
"123750","알톤","KOSDAQ","중견기업부","1579","19","1.22","1590","1590","1549","2216","3481757","20126402963","12746297"
"085810","알티캐스트","KOSDAQ","중견기업부","709","66","10.26","643","758","628","5302809","3728002887","35348179801","49856389"
"043100","알파녹스","KOSDAQ","벤처기업부","4090","95","2.38","4105","4300","3995","113450","463661510","69967940840","17107076"
"117670","알파칩스","KOSDAQ","관리종목(소속부없음)","790","0","0.00","0","0","0","0","0","48501797990","61394681"
"314140","알피바이오","KOSDAQ","중견기업부","5650","-100","-1.74","5810","5810","5560","14335","80586580","48964939650","8666361"
"291650","압타머사이언스","KOSDAQ","기술성장기업부","1231","-29","-2.30","1260","1273","1217","390316","481331639","36043990212","29280252"
"293780","압타바이오","KOSDAQ","기술성장기업부","8170","-190","-2.27","8310","8370","8000","151309","1229506010","219620711200","26881360"
"018250","애경산업","KOSPI",,"16590","290","1.78","16890","17500","16440","497615","8439065780","438140821650","26409935"
"161000","애경케미칼","KOSPI",,"12070","1540","14.62","12700","13370","12020","9078581","115672535145","587189917630","48648709"
"390110","애니메디솔루션","KONEX","일반기업부","1643","203","14.10","1656","1656","1225","12","15549","14930428971","9087297"
"310200","애니플러스","KOSDAQ","중견기업부","4655","-85","-1.79","4750","4795","4550","365957","1699435321","228028521945","48985719"
"179530","애드바이오텍","KOSDAQ","기술성장기업부","3535","345","10.82","3160","3770","3160","1731557","6128074802","41205052315","11656309"
"900100","애머릿지","KOSDAQ","외국기업(소속부없음)","1128","-22","-1.91","1173","1238","1110","102097","118444145","51930065376","46037292"
"052790","액토즈소프트","KOSDAQ","중견기업부","6590","-110","-1.64","6730","6730","6520","14142","93151080","74668904420","11330638"
"290740","액트로","KOSDAQ","벤처기업부","5210","0","0.00","5150","5250","5150","1018","5301220","52438707310","10065011"
"238090","앤디포스","KOSDAQ","벤처기업부","1994","-16","-0.80","2010","2010","1984","9760","19462842","46941358182","23541303"
"092600","앤씨앤","KOSDAQ","관리종목(소속부없음)","653","-4","-0.61","690","696","649","17881","11701773","16379536601","25083517"
"129890","앱코","KOSDAQ","벤처기업부","906","-4","-0.44","910","919","901","99352","89814800","45882929460","50643410"
"174900","앱클론","KOSDAQ","관리종목(소속부없음)","10950","150","1.39","10800","11130","10600","70301","766665030","209067791550","19092949"
"270520","앱트뉴로사이언스","KOSDAQ","벤처기업부","1455","323","28.53","1131","1460","1121","15420679","20562165787","281661868200","193582040"
"255440","야스","KOSDAQ","벤처기업부","6630","-100","-1.49","6770","6770","6600","9094","60511090","86574540000","13058000"
"030960","양지사","KOSDAQ","중견기업부","8520","-60","-0.70","8600","8820","8510","91240","788644450","136149600000","15980000"
"102120","어보브반도체","KOSDAQ","벤처기업부","11990","170","1.44","11840","12030","11500","157868","1864640080","213191228470","17780753"
"238120","얼라인드","KOSDAQ","기술성장기업부","3075","-15","-0.49","3105","3105","3045","8580","26273220","44215105200","14378896"
"224810","엄지하우스","KONEX","일반기업부","2600","0","0.00","0","0","0","0","0","10920000000","4200000"
"019990","에너토크","KOSDAQ","중견기업부","7010","-140","-1.96","7150","7160","6890","107340","748522900","68390176880","9756088"
"011090","에넥스","KOSPI",,"653","-4","-0.61","650","667","638","160630","103719656","39174541573","59991641"
"435570","에르코스","KOSDAQ","벤처기업부","21050","0","0.00","21700","23550","20250","1063618","23411547050","154539753800","7341556"
"270660","에브리봇","KOSDAQ","벤처기업부","16780","-80","-0.47","16950","16950","16450","41678","694780970","206128909560","12284202"
"038680","에스넷","KOSDAQ","우량기업부","4650","-120","-2.52","4805","4805","4610","57605","268454385","92593785300","19912642"
"137310","에스디바이오센서","KOSPI",,"10320","-30","-0.29","10320","10490","10240","64904","669690445","1256450732640","121749102"
"217480","에스디생명공학","KOSDAQ","관리종목(소속부없음)","499","0","0.00","0","0","0","0","0","54756837359","109733141"
"121890","에스디시스템","KOSDAQ","중견기업부","1568","86","5.80","1490","1575","1482","30704","46757424","20840987328","13291446"
"304360","에스바이오메딕스","KOSDAQ","벤처기업부","21150","-450","-2.08","21950","21950","20600","36383","763395475","250834685400","11859796"
"389500","에스비비테크","KOSDAQ","기술성장기업부","22200","-950","-4.10","23050","23050","22000","44842","1003354675","140612668800","6333904"
"042110","에스씨디","KOSDAQ","우량기업부","1472","48","3.37","1425","1545","1421","3881424","5798640822","71141118208","48329564"
"298060","에스씨엠생명과학","KOSDAQ","관리종목(소속부없음)","930","-3","-0.32","933","942","912","37318","34283586","26718968820","28730074"
"065420","에스아이리소스","KOSDAQ","중견기업부","291","19","6.99","275","295","275","1875165","534823269","20828994009","71577299"
"270210","에스알바이오텍","KONEX","일반기업부","19810","-340","-1.69","20050","20050","19810","430","8545000","32789611050","1655205"
"103230","에스앤더블류","KOSDAQ","중견기업부","3325","-60","-1.77","3390","3445","3300","32297","107282060","23940000000","7200000"
"260970","에스앤디","KOSDAQ","우량기업부","128700","-2900","-2.20","130100","131500","125300","27225","3483821100","372297439800","2892754"
"101490","에스앤에스텍","KOSDAQ","우량기업부","41200","950","2.36","39900","41800","39900","241213","9925847650","883799616400","21451447"
"095910","에스에너지","KOSDAQ","중견기업부","1715","8","0.47","1723","1723","1680","122019","207487781","39278338015","22902821"
"275630","에스에스알","KOSDAQ","벤처기업부","3155","-75","-2.32","3200","3225","3135","3371","10653215","18986755295","6017989"
"031330","에스에이엠티","KOSDAQ","우량기업부","2945","-30","-1.01","2985","2985","2925","159109","467394479","294485472315","99995067"
"060540","에스에이티","KOSDAQ","중견기업부","1365","12","0.89","1367","1375","1353","75899","103100815","35671962690","26133306"
"056190","에스에프에이","KOSDAQ GLOBAL","우량기업부","23200","-350","-1.49","23350","23350","22800","34131","787370250","833083232000","35908760"
"005850","에스엘","KOSPI",,"32550","750","2.36","31950","32650","31650","102299","3280043925","1511899326000","46448520"
"246250","에스엘에스바이오","KOSDAQ","기술성장기업부","1969","0","0.00","0","0","0","0","0","30220617614","15348206"
"041510","에스엠","KOSDAQ GLOBAL","우량기업부","143900","0","0.00","144100","152500","141200","173890","25390802050","3294545891000","22894690"
"010580","에스엠벡셀","KOSPI",,"1557","-60","-3.71","1630","1634","1550","139671","220463794","173218990320","111251760"
"460870","에스엠씨지","KOSDAQ","벤처기업부","8220","-90","-1.08","8310","8420","7780","499668","4006869100","158673158880","19303304"
"007820","에스엠코어","KOSDAQ","벤처기업부","3840","-40","-1.03","3895","3940","3810","91251","350418496","76930352640","20033946"
"464080","에스오에스랩","KOSDAQ","기술성장기업부","12750","-300","-2.30","13110","13110","12530","222110","2827008450","225443332500","17681830"
"109610","에스와이","KOSDAQ","중견기업부","3455","0","0.00","3455","3465","3420","174140","598571500","168975067000","48907400"
"365330","에스와이스틸텍","KOSDAQ","중견기업부","4875","25","0.52","4870","4890","4795","215585","1044487410","149223750000","30610000"
"012750","에스원","KOSPI",,"70400","1500","2.18","68300","70700","68300","34758","2432000850","2675142131200","37999178"
"019590","에스유앤피","KOSDAQ","관리종목(소속부없음)","2765","0","0.00","0","0","0","0","0","105039161955","37988847"
"306040","에스제이그룹","KOSDAQ","우량기업부","4065","5","0.12","4060","4235","4000","26223","108338030","40104590820","9865828"
"217910","에스제이켐","KONEX","일반기업부","373","-13","-3.37","329","399","329","2175","716315","5218464706","13990522"
"398120","에스지헬스케어","KOSDAQ","벤처기업부","3325","-60","-1.77","3380","3435","3310","47734","160459495","37604752500","11309700"
"457940","에스케이증권제10호스팩","KOSDAQ","SPAC(소속부없음)","2090","0","0.00","2090","2095","2090","581","1214440","6917900000","3310000"
"472230","에스케이증권제11호스팩","KOSDAQ","SPAC(소속부없음)","2045","10","0.49","2040","2045","2030","5683","11565500","8496975000","4155000"
"473000","에스케이증권제12호스팩","KOSDAQ","SPAC(소속부없음)","2060","0","0.00","2065","2065","2045","2103","4302780","6818600000","3310000"
"473950","에스케이증권제13호스팩","KOSDAQ","SPAC(소속부없음)","2045","0","0.00","2050","2050","2045","1008","2061385","9038900000","4420000"
"455910","에스케이증권제9호스팩","KOSDAQ","SPAC(소속부없음)","2070","-5","-0.24","2075","2080","2060","6267","12941085","10391400000","5020000"
"475660","에스켐","KOSDAQ","기술성장기업부","4990","-5","-0.10","5010","5010","4920","12860","63744760","39569876650","7929835"
"096630","에스코넥","KOSDAQ","중견기업부","789","18","2.33","772","815","770","566725","448607405","62632095024","79381616"
"069510","에스텍","KOSDAQ","우량기업부","17900","-140","-0.78","17960","17960","17250","18537","325507760","195289000000","10910000"
"234300","에스트래픽","KOSDAQ","우량기업부","4030","30","0.75","4030","4115","3910","183327","730135482","110906466450","27520215"
"039440","에스티아이","KOSDAQ","우량기업부","18330","-340","-1.82","18680","18730","18160","134982","2475937605","290163900000","15830000"
"098660","에스티오","KOSDAQ","중견기업부","2430","-20","-0.82","2450","2540","2420","34628","85952430","30377371680","12500976"
"052020","에스티큐브","KOSDAQ","투자주의환기종목(소속부없음)","6610","40","0.61","6680","6760","6500","82319","546002290","449369553510","67983291"
"237690","에스티팜","KOSDAQ GLOBAL","우량기업부","86800","2400","2.84","85300","89300","84700","295031","25643345950","1749270678400","20152888"
"050760","에스폴리텍","KOSDAQ","중견기업부","1498","-9","-0.60","1508","1540","1478","57386","86441234","24469347644","16334678"
"288620","에스퓨얼셀","KOSDAQ","벤처기업부","11380","-310","-2.65","11700","11750","11240","32175","367411665","79424616080","6979316"
"443670","에스피소프트","KOSDAQ","중견기업부","7240","-220","-2.95","7570","7570","7150","74955","541916090","179127678080","24741392"
"317830","에스피시스템스","KOSDAQ","벤처기업부","7450","-120","-1.59","7500","7600","7040","30770","226747670","80264944100","10773818"
"058610","에스피지","KOSDAQ","우량기업부","26950","-650","-2.36","27850","27900","26700","146676","3961835575","597679852000","22177360"
"043340","에쎈테크","KOSDAQ","중견기업부","536","14","2.68","522","574","519","1070638","589887881","50920000000","95000000"
"023960","에쓰씨엔지니어링","KOSPI",,"1297","-30","-2.26","1334","1339","1285","157495","204998791","45470987339","35058587"
"163280","에어레인","KOSDAQ","기술성장기업부","18340","-170","-0.92","18470","18660","18230","50613","929233680","149925630260","8174789"
"298690","에어부산","KOSPI",,"2180","30","1.40","2170","2185","2135","143270","309028045","254275200000","116640000"
"054630","에이디칩스","KOSDAQ","관리종목(소속부없음)","1580","0","0.00","0","0","0","0","0","12594094680","7970946"
"200710","에이디테크놀로지","KOSDAQ","중견기업부","19950","870","4.56","19390","20400","18650","451144","8778195040","268144398900","13440822"
"475580","에이럭스","KOSDAQ","벤처기업부","10590","-310","-2.84","10810","10830","10460","75122","795897520","144287691000","13624900"
"096690","에이루트","KOSDAQ","중견기업부","1370","0","0.00","0","0","0","0","0","45863748930","33477189"
"140910","에이리츠","KOSPI",,"3130","0","0.00","0","0","0","0","0","13969290160","4463032"
"078520","에이블씨엔씨","KOSPI",,"7650","-120","-1.54","7770","7840","7590","92564","709702175","199008331650","26014161"
"298380","에이비엘바이오","KOSDAQ","기술성장기업부","67800","1000","1.50","69500","70500","66000","716634","48596800250","3290198874600","48528007"
"203400","에이비온","KOSDAQ","기술성장기업부","8280","-780","-8.61","8700","9090","8120","1907921","16175249685","237117796200","28637415"
"195990","에이비프로바이오","KOSDAQ","중견기업부","284","-2","-0.70","282","285","282","408696","115609383","80851880764","284689721"
"003800","에이스침대","KOSDAQ","우량기업부","29300","-400","-1.35","29700","29850","29100","5749","169745650","324937000000","11090000"
"088800","에이스테크","KOSDAQ","중견기업부","2510","-20","-0.79","2750","2750","2465","104226","265136907","189521149340","75506434"
"241840","에이스토리","KOSDAQ","중견기업부","10320","-170","-1.62","10570","10680","10120","24535","251661555","98452738080","9539994"
"364950","에이아이코리아","KOSDAQ","벤처기업부","8610","-390","-4.33","8970","9050","8570","148953","1292352320","70009106790","8131139"
"453860","에이에스텍","KOSDAQ","벤처기업부","17630","-380","-2.11","18070","18080","17610","19220","340536655","99736700450","5657215"
"312610","에이에프더블류","KOSDAQ","벤처기업부","1258","4","0.32","1254","1272","1241","12737","15934454","25483165104","20256888"
"015260","에이엔피","KOSPI",,"426","3","0.71","433","437","420","104802","44452417","19219796844","45116894"
"172670","에이엘티","KOSDAQ","벤처기업부","7700","-90","-1.16","7810","7810","7540","71395","546042125","68993994300","8960259"
"495900","에이엠시지","KONEX","일반기업부","10860","0","0.00","10860","10860","10860","100","1086000","53381070240","4915384"
"234070","에이원알폼","KONEX","일반기업부","1137","148","14.96","1137","1137","1137","1","1137","7914319311","6960703"
"481070","에이유브랜즈","KOSDAQ","중견기업부","19340","-2510","-11.49","21700","22250","19040","141311","2782448755","273854400000","14160000"
"445090","에이직랜드","KOSDAQ","벤처기업부","31650","-900","-2.76","32250","32300","31100","51462","1623550225","344088039000","10871660"
"295310","에이치브이엠","KOSDAQ","기술성장기업부","28350","-950","-3.24","29950","30450","28300","168686","4927525825","337419743850","11901931"
"072990","에이치시티","KOSDAQ","우량기업부","8500","-250","-2.86","8770","8770","8470","61566","527630595","62605186000","7365316"
"044990","에이치엔에스하이텍","KOSDAQ","기술성장기업부","15610","10","0.06","15740","15740","15370","12264","190008290","125442959040","8036064"
"239610","에이치엘사이언스","KOSDAQ","벤처기업부","11920","10","0.08","12000","12130","11820","1986","23580360","64274010800","5392115"
"036170","에이치엠넥스","KOSDAQ","중견기업부","926","-14","-1.49","942","942","923","48938","45459239","56824569676","61365626"
"462020","에이치엠씨제6호스팩","KOSDAQ","SPAC(소속부없음)","2045","0","0.00","2040","2045","2040","4353","8880260","8885525000","4345000"
"477340","에이치엠씨제7호스팩","KOSDAQ","SPAC(소속부없음)","2010","0","0.00","2005","2010","2000","8735","17500815","15095100000","7510000"
"148930","에이치와이티씨","KOSDAQ","중견기업부","3815","-55","-1.42","3890","3890","3770","11011","41881380","38818437595","10175213"
"376270","에이치이엠파마","KOSDAQ","기술성장기업부","19800","160","0.81","19640","20550","19640","21975","435449625","138842292600","7012237"
"044780","에이치케이","KOSDAQ","벤처기업부","1422","-8","-0.56","1430","1430","1381","25849","36433937","26315229114","18505787"
"357230","에이치피오","KOSDAQ","우량기업부","2610","0","0.00","2610","2645","2585","6802","17746460","109853561070","42089487"
"355690","에이텀","KOSDAQ","기술성장기업부","5020","-180","-3.46","5200","5250","4950","10116","51055800","27132999600","5404980"
"071670","에이테크솔루션","KOSDAQ","중견기업부","6050","-50","-0.82","6060","6110","5950","11679","70026175","60500000000","10000000"
"045660","에이텍","KOSDAQ","벤처기업부","15000","70","0.47","14950","15360","14730","65453","985215560","123900000000","8260000"
"224110","에이텍모빌리티","KOSDAQ","벤처기업부","12440","-180","-1.43","12600","12670","12310","43661","543519830","66429600000","5340000"
"021080","에이티넘인베스트","KOSDAQ","우량기업부","2720","-35","-1.27","2775","2775","2660","247413","666718312","130560000000","48000000"
"200470","에이팩트","KOSDAQ","중견기업부","2270","-35","-1.52","2305","2305","2240","66978","151403565","96161951110","42362093"
"207490","에이펙스인텍","KONEX","일반기업부","6600","0","0.00","0","0","0","0","0","23760000000","3600000"
"262260","에이프로","KOSDAQ","우량기업부","6340","90","1.44","6290","6350","6130","41929","260886940","91728083680","14468152"
"007460","에이프로젠","KOSPI",,"674","14","2.12","666","689","651","2720998","1818042189","210171179624","311826676"
"003060","에이프로젠바이오로직스","KOSPI",,"674","16","2.43","665","684","648","371972","247438814","133726887530","198407845"
"397030","에이프릴바이오","KOSDAQ","기술성장기업부","16320","-170","-1.03","16600","16890","16190","82186","1349042250","367650366720","22527596"
"244920","에이플러스에셋","KOSPI",,"5860","-50","-0.85","6050","6130","5840","153543","916062840","132481080980","22607693"
"278470","에이피알","KOSPI",,"143300","-10900","-7.07","155100","157700","141000","498152","72960970250","5451713081500","38044055"
"230240","에치에프알","KOSDAQ","우량기업부","18050","-160","-0.88","18210","18210","17510","41847","743154690","240227450000","13309000"
"159910","에코글로우","KOSDAQ","중견기업부","760","-13","-1.68","750","780","750","110135","83624526","30315152080","39888358"
"230360","에코마케팅","KOSDAQ","우량기업부","9110","-70","-0.76","9250","9250","9040","50726","461571390","286673744190","31468029"
"038870","에코바이오","KOSDAQ","중견기업부","4030","-10","-0.25","4075","4075","3980","59108","236654090","56480244470","14014949"
"097780","에코볼트","KOSDAQ","중견기업부","1111","-19","-1.68","1130","1130","1103","57170","63456603","75248405518","67730338"
"448280","에코아이","KOSDAQ","중견기업부","14790","100","0.68","14990","15050","14500","64332","950746620","438244397910","29631129"
"101360","에코앤드림","KOSDAQ","벤처기업부","21100","0","0.00","21100","21250","20750","46022","965085200","375287005400","17786114"
"128540","에코캡","KOSDAQ","우량기업부","1569","-26","-1.63","1595","1605","1548","85515","134382770","41877331740","26690460"
"086520","에코프로","KOSDAQ GLOBAL","중견기업부","45075","-425","-0.93","45150","45700","44700","281017","12653899525","6120110051400","135776152"
"450080","에코프로머티","KOSPI",,"47200","-500","-1.05","47300","48500","46600","417998","19788652075","3300810412800","69932424"
"247540","에코프로비엠","KOSDAQ GLOBAL","우량기업부","101500","-500","-0.49","101000","102400","99900","166859","16886653600","9926836416000","97801344"
"383310","에코프로에이치엔","KOSDAQ","우량기업부","24750","-350","-1.39","24800","25100","24600","31386","776190800","519129567000","20974932"
"038110","에코플라스틱","KOSDAQ","우량기업부","3515","225","6.84","3300","3650","3240","9533411","33604581340","144710335550","41169370"
"073540","에프알텍","KOSDAQ","벤처기업부","1928","-5","-0.26","1919","1933","1916","17545","33707494","21979200000","11400000"
"064850","에프앤가이드","KOSDAQ","벤처기업부","7770","-100","-1.27","7870","7900","7720","12247","95407470","88658279640","11410332"
"036810","에프에스티","KOSDAQ","우량기업부","18190","-100","-0.55","18180","18290","17720","52670","949221910","399385970120","21956348"
"173940","에프엔씨엔터","KOSDAQ","중견기업부","3870","15","0.39","3860","3880","3855","2245","8674100","59570166960","15392808"
"083500","에프엔에스테크","KOSDAQ","우량기업부","11570","20","0.17","11630","11900","11310","86170","999439840","99221103540","8575722"
"446440","에피바이오텍","KONEX","일반기업부","10500","380","3.75","10500","10500","10490","443","4649590","24222229500","2306879"
"054940","엑사이엔씨","KOSDAQ","중견기업부","736","-4","-0.54","740","749","730","86198","63189949","24415731328","33173548"
"950130","엑세스바이오","KOSDAQ","외국기업(소속부없음)","5400","-70","-1.28","5470","5470","5320","81595","437207770","203730292800","37727832"
"373110","엑셀세라퓨틱스","KOSDAQ","기술성장기업부","3155","-5","-0.16","3180","3180","3115","31354","98336160","34510847610","10938462"
"205100","엑셈","KOSDAQ","벤처기업부","2225","-60","-2.63","2290","2300","2185","485323","1076150122","159003635300","71462308"
"356680","엑스게이트","KOSDAQ","벤처기업부","8030","-180","-2.19","8150","8230","7990","128246","1034244880","229204240760","28543492"
"070300","엑스큐어","KOSDAQ","벤처기업부","2365","75","3.28","2295","2560","2295","603363","1464212112","23480954530","9928522"
"317770","엑스페릭스","KOSDAQ","벤처기업부","3905","-35","-0.89","3985","3995","3850","381666","1486138567","122869981520","31464784"
"373200","엑스플러스","KOSDAQ","벤처기업부","692","10","1.47","680","696","672","285296","194136178","69798281748","100864569"
"069920","엑시온그룹","KOSDAQ","중견기업부","1500","-12","-0.79","1493","1511","1440","84043","123377909","59082837000","39388558"
"092870","엑시콘","KOSDAQ","우량기업부","10350","-20","-0.19","10410","10460","10170","37951","389445775","135075748950","13050797"
"019490","엑시큐어하이트론","KOSPI",,"658","2","0.30","655","676","650","360700","238623869","50292433660","76432270"
"317870","엔바이오니아","KOSDAQ","기술성장기업부","13870","-360","-2.53","14090","14270","13770","12737","176800340","118196672500","8521750"
"067570","엔브이에이치코리아","KOSDAQ","우량기업부","2365","-5","-0.21","2370","2370","2335","39737","93557307","99732050000","42170000"
"236810","엔비티","KOSDAQ","기술성장기업부","4655","475","11.36","4275","4750","4050","15173752","67174910374","79020608030","16975426"
"140610","엔솔바이오사이언스","KONEX","일반기업부","29250","-5150","-14.97","31350","33950","29250","79894","2391928400","362063812500","12378250"
"333620","엔시스","KOSDAQ","벤처기업부","7140","30","0.42","7090","7180","7010","11131","78773460","75372296160","10556344"
"101400","엔시트론","KOSDAQ","중견기업부","377","2","0.53","376","378","373","56841","21343286","25805925210","68450730"
"036570","엔씨소프트","KOSPI",,"200500","-4000","-1.96","204500","209000","197500","65086","13077226850","4319576411000","21544022"
"238170","엔에스엠","KONEX","일반기업부","535","-94","-14.94","535","535","535","3","1605","11114455940","20774684"
"078860","엔에스이엔엠","KOSDAQ","투자주의환기종목(소속부없음)","1353","-12","-0.88","1366","1373","1330","48689","65616213","80317133721","59362257"
"224760","엔에스컴퍼니","KONEX","일반기업부","3200","0","0.00","0","0","0","0","0","12607040000","3939700"
"439410","엔에이치스팩26호","KOSDAQ","관리종목(소속부없음)","2140","0","0.00","2140","2145","2140","51928","111374135","18832000000","8800000"
"440820","엔에이치스팩27호","KOSDAQ","관리종목(소속부없음)","2130","-5","-0.23","2130","2135","2130","62910","133998465","16614000000","7800000"
"451700","엔에이치스팩29호","KOSDAQ","SPAC(소속부없음)","2042","-3","-0.15","2040","2050","2040","50001","102018631","29302700000","14350000"
"466910","엔에이치스팩30호","KOSDAQ","SPAC(소속부없음)","2050","-5","-0.24","2050","2055","2045","68503","140467945","18655000000","9100000"
"481890","엔에이치스팩31호","KOSDAQ","SPAC(소속부없음)","2060","0","0.00","2050","2060","2050","7788","16009310","13070700000","6345000"
"265740","엔에프씨","KOSDAQ","중견기업부","8970","-60","-0.66","9220","9420","8810","133413","1204149970","80118246000","8931800"
"354200","엔젠바이오","KOSDAQ","기술성장기업부","1966","2","0.10","1964","2020","1944","97496","192526648","40012720100","20352350"
"455900","엔젤로보틱스","KOSDAQ","기술성장기업부","23550","-550","-2.28","23950","24350","23350","33224","786606675","357562735050","15183131"
"419080","엔젯","KOSDAQ","기술성장기업부","7080","-120","-1.67","7150","7290","6900","42887","300837605","74913317160","10580977"
"093510","엔지브이아이","KONEX","일반기업부","1779","231","14.92","1780","1780","1316","833","1098082","10709580000","6020000"
"208860","엔지스테크널러지","KOSDAQ","관리종목(소속부없음)","2205","0","0.00","0","0","0","0","0","74859690465","33949973"
"183490","엔지켐생명과학","KOSDAQ","기술성장기업부","1119","42","3.90","1088","1168","1066","261323","291730864","95188363878","85065562"
"085310","엔케이","KOSPI",,"811","-24","-2.87","830","830","802","357106","288260079","63971941142","78880322"
"182400","엔케이맥스","KOSDAQ","관리종목(소속부없음)","2020","0","0.00","0","0","0","0","0","172748038620","85518831"
"348370","엔켐","KOSDAQ","중견기업부","55500","-400","-0.72","55400","55700","54500","87618","4829106650","1176283816500","21194303"
"069410","엔텔스","KOSDAQ","벤처기업부","5570","140","2.58","5380","5600","5340","47167","257422730","57063669680","10244824"
"227950","엔투텍","KOSDAQ","중견기업부","367","2","0.55","365","372","360","381100","139862038","63322564249","172541047"
"291230","엔피","KOSDAQ","중견기업부","1610","-11","-0.68","1621","1634","1588","50898","81264068","70994197750","44095775"
"048830","엔피케이","KOSDAQ","중견기업부","1086","3","0.28","1083","1095","1081","12066","13087268","20334180378","18723923"
"096870","엘디티","KOSDAQ","벤처기업부","2570","-55","-2.10","2720","2720","2570","2950","7631910","17163488000","6678400"
"276240","엘리비젼","KONEX","일반기업부","508","0","0.00","0","0","0","0","0","5797874104","11413138"
"900140","엘브이엠씨홀딩스","KOSPI",,"2040","5","0.25","2060","2095","2015","447576","919412759","394210481280","193240432"
"290650","엘앤씨바이오","KOSDAQ","우량기업부","27300","50","0.18","27250","27800","27000","110871","3023448900","672094605000","24618850"
"066970","엘앤에프","KOSPI",,"50500","200","0.40","49600","50700","49050","167711","8354946350","1833966787000","36316174"
"156100","엘앤케이바이오","KOSDAQ","벤처기업부","5670","0","0.00","5670","5730","5590","28968","163003020","113041332810","19936743"
"311060","엘에이티","KONEX","일반기업부","3590","0","0.00","0","0","0","0","0","28099411060","7827134"
"073110","엘엠에스","KOSDAQ","벤처기업부","6120","-30","-0.49","6140","6200","6080","14090","85969590","54442020600","8895755"
"083310","엘오티베큠","KOSDAQ","우량기업부","9340","-120","-1.27","9460","9540","9190","40825","379147935","166345708220","17810033"
"037950","엘컴텍","KOSDAQ","중견기업부","898","-4","-0.44","902","907","894","202985","182208395","75833872062","84447519"
"489500","엘케이켐","KOSDAQ","벤처기업부","19810","-80","-0.40","19800","19880","19330","37683","736548500","124368289360","6278056"
"170920","엘티씨","KOSDAQ","벤처기업부","12210","-290","-2.32","12510","12570","12180","122913","1513881570","121877228550","9981755"
"058630","엠게임","KOSDAQ","우량기업부","6300","80","1.29","6250","6310","6150","123441","768528950","123126425100","19543877"
"226590","엠디바이스","KOSDAQ","기술성장기업부","11730","-20","-0.17","11970","11970","11500","69880","815499835","123960106320","10567784"
"058970","엠로","KOSDAQ","기술성장기업부","50100","-2000","-3.84","52000","52200","49800","95456","4805274650","617996075100","12335251"
"169330","엠브레인","KOSDAQ","중견기업부","2245","25","1.13","2220","2275","2220","2835","6376285","40986780910","18256918"
"097520","엠씨넥스","KOSPI",,"26550","-550","-2.03","26950","27150","26150","29630","784879625","477308784600","17977732"
"373170","엠아이큐브솔루션","KOSDAQ","벤처기업부","8820","-90","-1.01","8910","8910","8650","7359","64513100","44434542600","5037930"
"179290","엠아이텍","KOSDAQ","우량기업부","7450","-80","-1.06","7600","7600","7400","40122","299330895","241124301100","32365678"
"484870","엠앤씨솔루션","KOSPI",,"156400","-1900","-1.20","161100","161500","153400","23994","3762530800","1431669960000","9153900"
"009780","엠에스씨","KOSDAQ","우량기업부","8880","-130","-1.44","9020","9060","8700","45803","406020900","156288000000","17600000"
"123040","엠에스오토텍","KOSDAQ","우량기업부","2610","-5","-0.19","2630","2650","2580","78164","203209380","163459860390","62628299"
"432980","엠에프씨","KOSDAQ","기술성장기업부","3895","15","0.39","3880","3915","3830","21973","84911043","33464835090","8591742"
"413390","엠오티","KOSDAQ","중견기업부","7380","120","1.65","7270","7430","7260","60682","445445900","85461728400","11580180"
"032790","엠젠솔루션","KOSDAQ","벤처기업부","1093","20","1.86","1051","1120","1050","191707","208735542","48916495806","44754342"
"033160","엠케이전자","KOSDAQ","중견기업부","7710","-100","-1.28","7780","7790","7590","37702","288567320","170131412010","22066331"
"347890","엠투아이","KOSDAQ","벤처기업부","5490","-10","-0.18","5500","5530","5460","6446","35353650","92853489960","16913204"
"033310","엠투엔","KOSDAQ","우량기업부","2120","-20","-0.93","2135","2150","2100","43201","91527182","85525529720","40342231"
"259630","엠플러스","KOSDAQ","우량기업부","8220","-20","-0.24","8300","8300","8120","44036","361075970","100961344440","12282402"
"105550","엣지파운드리","KOSDAQ","중견기업부","3145","5","0.16","3135","3250","3045","404801","1257495203","246275675395","78307051"
"060850","영림원소프트랩","KOSDAQ","벤처기업부","6030","0","0.00","6090","6090","5930","7580","45198500","49029930000","8131000"
"014440","영보화학","KOSPI",,"4510","20","0.45","4500","4515","4455","39761","178359435","90200000000","20000000"
"143540","영우디에스피","KOSDAQ","벤처기업부","616","2","0.33","609","619","597","48698","29595105","27473535320","44599895"
"111770","영원무역","KOSPI",,"62700","-1300","-2.03","62800","63800","62200","46322","2911026300","2778329043600","44311468"
"009970","영원무역홀딩스","KOSPI",,"140100","-1300","-0.92","138000","143500","138000","15761","2226971200","1891243103700","13499237"
"003520","영진약품","KOSPI",,"2210","-20","-0.90","2230","2230","2190","114942","253455040","404192935510","182892731"
"000670","영풍","KOSPI",,"43700","-800","-1.80","44000","44300","43200","20727","903136875","835039265000","19108450"
"006740","영풍제지","KOSPI",,"1061","-1","-0.09","1050","1066","1044","122470","128564174","59317558298","55907218"
"012280","영화금속","KOSPI",,"852","0","0.00","844","857","844","57415","49036607","44018158260","51664505"
"265560","영화테크","KOSDAQ","우량기업부","7920","20","0.25","7900","7930","7830","9252","72962600","84666225600","10690180"
"012160","영흥","KOSPI",,"584","14","2.46","570","620","568","483149","284164441","59165257248","101310372"
"036000","예림당","KOSDAQ","중견기업부","4795","200","4.35","4720","4855","4425","215872","1000506148","110449358215","23034277"
"250930","예선테크","KOSDAQ","벤처기업부","524","-9","-1.69","533","557","513","246754","130405179","17292230560","33000440"
"053280","예스24","KOSDAQ","중견기업부","4460","-50","-1.11","4510","4600","4415","300496","1348101912","111500000000","25000000"
"122640","예스티","KOSDAQ","벤처기업부","15970","-90","-0.56","15980","16190","15590","40129","638182840","335221207510","20990683"
"476040","오가노이드사이언스","KOSDAQ","기술성장기업부","32050","-1850","-5.46","34600","34950","31750","216432","7202462450","209809203450","6546309"
"900300","오가닉티코스메틱","KOSDAQ","외국기업(소속부없음)","481","12","2.56","485","521","471","5671154","2816383670","46177069744","96002224"
"212310","오건에코텍","KONEX","일반기업부","635","0","0.00","0","0","0","0","0","7337979990","11555874"
"045060","오공","KOSDAQ","우량기업부","2530","-10","-0.39","2545","2565","2520","11135","28176529","42863194220","16941974"
"192410","오늘이엔엠","KOSDAQ","벤처기업부","2215","215","10.75","2015","2460","1931","3011196","6775392227","31531698950","14235530"
"080520","오디텍","KOSDAQ","벤처기업부","3210","40","1.26","3185","3230","3160","12922","41120630","37706614890","11746609"
"007310","오뚜기","KOSPI",,"407500","8000","2.00","397000","409000","397000","11941","4821993500","1633190725000","4007830"
"039830","오로라","KOSDAQ","우량기업부","17940","1540","9.39","16950","18160","15260","2336172","40021238185","193086246600","10762890"
"322310","오로스테크놀로지","KOSDAQ","벤처기업부","19720","-150","-0.75","19900","20000","19220","42274","823413970","184708208240","9366542"
"046120","오르비텍","KOSDAQ","중견기업부","4215","-240","-5.39","4460","4485","4080","1429770","6051282293","115699583490","27449486"
"475830","오름테라퓨틱","KOSDAQ","기술성장기업부","18690","-940","-4.79","19700","19900","17900","129797","2456404235","393781142580","21069082"
"014940","오리엔탈정공","KOSDAQ","우량기업부","5570","-130","-2.28","5720","5720","5500","329335","1843901870","253845291770","45573661"
"002630","오리엔트바이오","KOSPI",,"845","68","8.75","777","968","763","33518883","29843205093","100202639225","118583005"
"065500","오리엔트정공","KOSDAQ","중견기업부","3640","-85","-2.28","3725","4070","3625","5324135","20400607510","115544199680","31742912"
"271560","오리온","KOSPI",,"117100","5400","4.83","112100","118600","111800","331311","38673371850","4629681057200","39536132"
"001800","오리온홀딩스","KOSPI",,"22800","-250","-1.08","23200","23500","22250","207009","4707411800","1428315621600","62645422"
"010470","오리콤","KOSDAQ","우량기업부","6230","-30","-0.48","6260","6290","6160","10203","63248080","74604561500","11975050"
"417860","오브젠","KOSDAQ","기술성장기업부","21350","-600","-2.73","22300","22350","20750","74283","1590748925","94593608900","4430614"
"352910","오비고","KOSDAQ","기술성장기업부","4320","-135","-3.03","4510","4510","4220","29661","129514358","54595304640","12637802"
"053980","오상자이엘","KOSDAQ","우량기업부","3725","35","0.95","3695","3735","3660","45454","168415065","70710866675","18982783"
"036220","오상헬스케어","KOSDAQ","중견기업부","18980","80","0.42","19090","19480","18600","41135","781183310","275388715680","14509416"
"052420","오성첨단소재","KOSDAQ","우량기업부","1519","-47","-3.00","1566","1566","1511","482350","735380588","138487950006","91170474"
"332190","오션스바이오","KONEX","일반기업부","4590","-5","-0.11","4590","4590","4590","12","55080","6783281010","1477839"
"052300","오션인더블유","KOSDAQ","중견기업부","3290","-40","-1.20","3385","3450","3255","258909","865452605","55486320470","16865143"
"039200","오스코텍","KOSDAQ","벤처기업부","29250","250","0.86","29000","29850","28600","90245","2628765700","1118759148000","38248176"
"226400","오스테오닉","KOSDAQ","기술성장기업부","5890","-10","-0.17","5910","6020","5770","133489","784006360","121696829890","20661601"
"031510","오스템","KOSDAQ","중견기업부","1100","-15","-1.35","1115","1116","1097","9001","9962964","30800000000","28000000"
"368970","오에스피","KOSDAQ","벤처기업부","2785","-25","-0.89","2810","2835","2750","20125","56118305","26029055600","9346160"
"138080","오이솔루션","KOSDAQ","벤처기업부","9310","-470","-4.81","9830","9830","9260","40242","380637320","98910324450","10624095"
"080580","오킨스전자","KOSDAQ","벤처기업부","6120","-260","-4.08","6380","6390","6010","182698","1116996320","109763258760","17935173"
"067170","오텍","KOSDAQ","중견기업부","2600","200","8.33","2350","2900","2295","1745234","4646474545","40018173000","15391605"
"353590","오토앤","KOSDAQ","중견기업부","3495","-60","-1.69","3505","3535","3490","29003","101506755","45000117150","12875570"
"173130","오파스넷","KOSDAQ","우량기업부","6830","0","0.00","6850","6920","6740","46018","312188060","89107410590","13046473"
"440320","오픈놀","KOSDAQ","기술성장기업부","5440","60","1.12","5380","5450","5300","30019","160584675","53339200000","9805000"
"049480","오픈베이스","KOSDAQ","우량기업부","2755","-35","-1.25","2790","2810","2715","327569","899911840","86568665165","31422383"
"394280","오픈엣지테크놀로지","KOSDAQ","기술성장기업부","13710","-480","-3.38","14070","14210","13590","72647","1002382555","301667902740","22003494"
"309930","오하임앤컴퍼니","KOSDAQ","중견기업부","3010","15","0.50","3095","3095","2950","13373","40054440","64103036900","21296690"
"476060","온코닉테라퓨틱스","KOSDAQ","기술성장기업부","20900","-450","-2.11","21700","21700","20750","87005","1832629550","229948279000","11002310"
"382150","온코크로스","KOSDAQ","기술성장기업부","11770","150","1.29","11830","12250","11720","144775","1732330390","140627218490","11947937"
"005320","온타이드","KOSPI",,"663","153","30.00","663","663","663","1352382","896629266","44767232523","67522221"
"244460","올리패스","KOSDAQ","관리종목(소속부없음)","1651","0","0.00","0","0","0","0","0","8980622755","5439505"
"226950","올릭스","KOSDAQ","기술성장기업부","38400","450","1.19","39050","40300","37800","394819","15477293225","760290816000","19799240"
"057540","옴니시스템","KOSDAQ","중견기업부","963","35","3.77","937","987","918","1991883","1915419006","57249728865","59449355"
"131030","옵투스제약","KOSDAQ","우량기업부","6100","50","0.83","6060","6330","5970","272061","1665905375","98534288200","16153162"
"082210","옵트론텍","KOSDAQ","투자주의환기종목(소속부없음)","1647","8","0.49","1649","1650","1606","493762","808951397","54667839978","33192374"
"109080","옵티시스","KOSDAQ","벤처기업부","9200","250","2.79","9040","9360","8950","43449","394624025","51851200000","5636000"
"380540","옵티코어","KOSDAQ","벤처기업부","1817","16","0.89","1792","1850","1789","220979","402323281","87870045503","48359959"
"153710","옵티팜","KOSDAQ","기술성장기업부","4990","10","0.20","4980","5050","4965","11797","58906715","73203090420","14669958"
"432430","와이랩","KOSDAQ","기술성장기업부","5690","-110","-1.90","5800","5890","5620","67038","381546970","93932340800","16508320"
"338840","와이바이오로직스","KOSDAQ","기술성장기업부","9680","650","7.20","10030","10300","9400","386978","3787360585","144708072080","14949181"
"122990","와이솔","KOSDAQ","우량기업부","6390","40","0.63","6430","6430","6300","38751","246076990","176821095870","27671533"
"232140","와이씨","KOSDAQ","우량기업부","9980","-40","-0.40","10030","10050","9840","251352","2495618500","818812593000","82045350"
"112290","와이씨켐","KOSDAQ","기술성장기업부","24300","-300","-1.22","24800","24800","23750","65994","1588022050","245686243500","10110545"
"065530","와이어블","KOSDAQ","중견기업부","1299","1","0.08","1305","1305","1282","5874","7593514","68665140000","52860000"
"067900","와이엔텍","KOSDAQ","우량기업부","7050","-30","-0.42","7030","7100","6950","16383","114512160","128307595950","18199659"
"007530","와이엠","KOSDAQ","중견기업부","2505","-30","-1.18","2535","2535","2455","38644","95892350","55746848655","22254231"
"155650","와이엠씨","KOSDAQ","우량기업부","3575","-25","-0.69","3550","3600","3545","7222","25804705","69620829850","19474358"
"273640","와이엠텍","KOSDAQ","벤처기업부","9760","-120","-1.21","9770","9860","9610","10416","100880130","107028160000","10966000"
"251370","와이엠티","KOSDAQ","벤처기업부","9950","-40","-0.40","9920","9990","9710","27983","274737760","162328916800","16314464"
"209640","와이제이링크","KOSDAQ","중견기업부","7420","0","0.00","7430","7490","7350","31979","236771000","105524071660","14221573"
"096250","와이즈넛","KOSDAQ","기술성장기업부","15380","-390","-2.47","15810","15850","14550","94879","1457143400","201424723680","13096536"
"273060","와이즈버즈","KOSDAQ","중견기업부","1033","-24","-2.27","1047","1058","1021","141621","146413524","52124748206","50459582"
"019210","와이지-원","KOSDAQ","우량기업부","6030","10","0.17","6070","6070","5970","59472","357216480","202450128570","33573819"
"122870","와이지엔터테인먼트","KOSDAQ","우량기업부","92300","-2900","-3.05","95300","96900","90900","155139","14388234800","1725183822700","18691049"
"011690","와이투솔루션","KOSPI",,"3500","-65","-1.82","3540","3605","3465","265576","932097227","128010379000","36574394"
"079000","와토스코리아","KOSDAQ","중견기업부","5120","-10","-0.19","5140","5140","5110","4202","21516350","36864000000","7200000"
"403490","우듬지팜","KOSDAQ","벤처기업부","1930","-61","-3.06","1979","1991","1905","916243","1770263524","87260055520","45212464"
"316140","우리금융지주","KOSPI",,"22375","-75","-0.33","22450","22650","22050","1582960","35348393400","16615484834875","742591501"
"032820","우리기술","KOSDAQ","벤처기업부","4465","-195","-4.18","4665","4750","4280","11277029","49861416671","739094379040","165530656"
"041190","우리기술투자","KOSDAQ","벤처기업부","9020","-80","-0.88","9390","9420","8840","2409558","21908308815","757680000000","84000000"
"115440","우리넷","KOSDAQ","우량기업부","6430","-110","-1.68","6500","6520","6360","60018","385304325","69407297560","10794292"
"046970","우리로","KOSDAQ","벤처기업부","1333","3","0.23","1330","1335","1310","395768","521778965","58418723667","43824999"
"082850","우리바이오","KOSDAQ","벤처기업부","2350","-45","-1.88","2395","2410","2325","244247","572780792","113872958300","48456578"
"215360","우리산업","KOSDAQ","우량기업부","9500","-90","-0.94","9600","9710","9410","40844","389765170","86755548500","9132163"
"072470","우리산업홀딩스","KOSDAQ","중견기업부","3985","-95","-2.33","4130","4150","3860","534171","2134182368","75266053885","18887341"
"073560","우리손에프앤지","KOSDAQ","우량기업부","1525","-16","-1.04","1541","1543","1493","108169","163428078","105587405575","69237643"
"037400","우리엔터프라이즈","KOSDAQ","중견기업부","1143","10","0.88","1123","1143","1118","49530","56065377","29973284478","26223346"
"153490","우리이앤엘","KOSDAQ","우량기업부","723","-6","-0.82","737","737","708","55582","39592968","37220040000","51480000"
"101170","우림피티에스","KOSDAQ","중견기업부","4985","-55","-1.09","5050","5050","4955","62391","310643044","67297500000","13500000"
"006980","우성","KOSPI",,"17200","-130","-0.75","17330","17330","16500","2553","43568660","53148000000","3090000"
"066590","우수AMS","KOSDAQ","중견기업부","3815","110","2.97","3750","3845","3650","475934","1792727079","149063891760","39073104"
"017370","우신시스템","KOSPI",,"8000","10","0.13","7990","8090","7930","36063","288025710","146512432000","18314054"
"103840","우양","KOSDAQ","중견기업부","3085","195","6.75","2905","3360","2850","4386038","14027336683","50490430380","16366428"
"101970","우양에이치씨","KOSDAQ","중견기업부","11160","-680","-5.74","11940","11940","11130","48699","552850150","162352432440","14547709"
"046940","우원개발","KOSDAQ","벤처기업부","3025","10","0.33","3025","3030","2955","68110","203703340","54674908750","18074350"
"215380","우정바이오","KOSDAQ","벤처기업부","1828","9","0.49","1820","1884","1770","68037","123015231","30764464928","16829576"
"065680","우주일렉트로","KOSDAQ","우량기업부","34650","-450","-1.28","35350","35350","33750","30790","1052108800","320182320150","9240471"
"105840","우진","KOSPI",,"10130","-480","-4.52","10450","10520","10000","377071","3844453095","204602397100","20197670"
"018620","우진비앤지","KOSDAQ","중견기업부","959","6","0.63","965","965","945","35529","34070148","27704831987","28889293"
"010400","우진아이엔에스","KOSPI",,"2695","-15","-0.55","2760","2760","2685","6152","16699155","20541290000","7622000"
"457550","우진엔텍","KOSDAQ","중견기업부","29100","-1200","-3.96","29950","30250","28800","302714","8893093600","269795964900","9271339"
"049800","우진플라임","KOSPI",,"1978","9","0.46","1989","1989","1969","6462","12732206","39560000000","20000000"
"016880","웅진","KOSPI",,"2790","-90","-3.13","2880","2900","2735","753894","2102232658","222996553200","79927080"
"095720","웅진씽크빅","KOSPI",,"1824","-26","-1.41","1850","1850","1792","152731","276438267","210682916640","115505985"
"396470","워트","KOSDAQ","중견기업부","7710","-150","-1.91","7840","7840","7630","46380","357673870","124285200000","16120000"
"005820","원림","KOSPI",,"16110","-20","-0.12","16130","16230","16100","297","4788070","37020296700","2297970"
"307280","원바이오젠","KOSDAQ","벤처기업부","5360","-20","-0.37","5430","5430","5250","20413","108546910","39620058720","7391802"
"032940","원익","KOSDAQ","우량기업부","8680","-910","-9.49","9470","9540","8530","4255315","38013658210","157917236400","18193230"
"240810","원익IPS","KOSDAQ GLOBAL","우량기업부","26550","0","0.00","26600","26850","25850","114788","3023209250","1303177571550","49083901"
"074600","원익QnC","KOSDAQ GLOBAL","우량기업부","17740","-80","-0.45","17820","17840","17410","113529","1999132850","466349120000","26288000"
"104830","원익머트리얼즈","KOSDAQ","우량기업부","21350","-350","-1.61","21700","21750","21000","77132","1636752575","269180800000","12608000"
"014190","원익큐브","KOSDAQ","우량기업부","1520","-10","-0.65","1539","1543","1513","47820","72784983","53807857120","35399906"
"217820","원익피앤이","KOSDAQ","중견기업부","3370","-140","-3.99","3560","3560","3355","282852","961843209","159921863830","47454559"
"030530","원익홀딩스","KOSDAQ","중견기업부","6150","10","0.16","6430","6510","5870","4158750","25508112270","475013583150","77237981"
"012620","원일특강","KOSDAQ","우량기업부","7750","-10","-0.13","7760","7800","7690","3493","27006215","34100000000","4400000"
"136150","원일티엔아이","KOSDAQ","벤처기업부","28000","250","0.90","27900","28250","26550","144350","3956155025","234668840000","8381030"
"382840","원준","KOSDAQ","우량기업부","9150","0","0.00","9200","9250","9000","24519","222506190","139734966150","15271581"
"336570","원텍","KOSDAQ","기술성장기업부","11330","80","0.71","11210","11370","11010","487167","5462591545","1019347603010","89968897"
"376980","원티드랩","KOSDAQ","기술성장기업부","4965","5","0.10","4925","4980","4820","73509","360352340","48490146210","9766394"
"122830","원포유","KONEX","일반기업부","1456","29","2.03","1427","1599","1357","3436","4803556","47686890160","32751985"
"008370","원풍","KOSDAQ","우량기업부","4370","5","0.11","4405","4405","4330","3969","17295055","52440000000","12000000"
"008290","원풍물산","KOSDAQ","중견기업부","484","3","0.62","485","491","475","20197","9755806","19695740636","40693679"
"101160","월덱스","KOSDAQ","우량기업부","21250","-450","-2.07","21600","21600","20850","48716","1029829475","350858601250","16510993"
"336060","웨이버스","KOSDAQ","벤처기업부","1214","0","0.00","1221","1221","1175","264552","315478604","58460412800","48155200"
"095270","웨이브일렉트로","KOSDAQ","벤처기업부","4560","-100","-2.15","4660","4700","4555","26330","120924540","68268927360","14971256"
"289930","웨이비스","KOSDAQ","기술성장기업부","9410","-220","-2.28","9530","9580","9270","50478","473763695","117809370130","12519593"
"010600","웰바이오텍","KOSPI",,"545","0","0.00","0","0","0","0","0","49553256815","90923407"
"065950","웰크론","KOSDAQ","중견기업부","2300","205","9.79","2230","2370","2155","1750200","3970005620","64931994600","28231302"
"076080","웰크론한텍","KOSDAQ","중견기업부","1620","-19","-1.16","1639","1641","1600","57671","93004799","36602532720","22594156"
"043590","웰킵스하이텍","KOSDAQ","중견기업부","633","3","0.48","630","645","629","61393","38629832","17177570346","27136762"
"196700","웹스","KOSDAQ","벤처기업부","1462","-8","-0.54","1479","1479","1445","33830","49223590","21000378528","14364144"
"069080","웹젠","KOSDAQ GLOBAL","우량기업부","14530","-140","-0.95","14530","14860","14400","39917","580310995","502750844520","34600884"
"053580","웹케시","KOSDAQ","우량기업부","17110","-360","-2.06","17790","17800","16950","73898","1273027280","233316203280","13636248"
"479960","위너스","KOSDAQ","중견기업부","14880","-40","-0.27","14930","14970","14850","22575","335910480","101942880000","6851000"
"377460","위니아에이드","KOSDAQ","투자주의환기종목(소속부없음)","1691","0","0.00","0","0","0","0","0","26030247855","15393405"
"044340","위닉스","KOSDAQ","중견기업부","7770","740","10.53","7180","8830","6810","4793901","38907297640","138876512250","17873425"
"330350","위더스제약","KOSDAQ","우량기업부","7610","-60","-0.78","7680","7680","7460","40882","308281890","100468277790","13202139"
"348350","위드텍","KOSDAQ","우량기업부","12130","-840","-6.48","12670","12870","11810","673410","8279172465","123527068000","10183600"
"112040","위메이드","KOSDAQ","중견기업부","33300","-500","-1.48","33800","34200","32900","104558","3476964775","1130484483900","33948483"
"101730","위메이드맥스","KOSDAQ","벤처기업부","7760","-270","-3.36","8110","8120","7720","113287","888326270","650313499360","83803286"
"123420","위메이드플레이","KOSDAQ","우량기업부","10510","-560","-5.06","11120","11260","10380","365137","3923761895","120548039420","11469842"
"065370","위세아이텍","KOSDAQ","벤처기업부","7960","-190","-2.33","8080","8170","7930","55504","444104240","58776273840","7383954"
"140660","위월드","KONEX","일반기업부","999","0","0.00","0","0","0","0","0","2484764748","2487252"
"038620","위즈코프","KOSDAQ","벤처기업부","620","-5","-0.80","629","629","614","520008","321411783","46952268300","75729465"
"299900","위지윅스튜디오","KOSDAQ","중견기업부","1018","-2","-0.20","1021","1040","1003","468080","474259892","174127763912","171048884"
"036090","위지트","KOSDAQ","중견기업부","746","-4","-0.53","774","774","736","962263","720090299","88320643864","118392284"
"459100","위츠","KOSDAQ","중견기업부","6680","-40","-0.60","6690","6730","6550","28358","188026130","83980960000","12572000"
"136540","윈스테크넷","KOSDAQ","우량기업부","12540","-130","-1.03","12720","12720","12460","9849","123621620","153988014840","12279746"
"097800","윈팩","KOSDAQ","중견기업부","498","-3","-0.60","502","507","491","230790","114160544","57992214042","116450229"
"192390","윈하이텍","KOSDAQ","우량기업부","2825","-25","-0.88","2865","2880","2810","18736","53168575","31166046925","11032229"
"008600","윌비스","KOSPI",,"469","7","1.52","465","475","451","621352","286865306","31533702291","67236039"
"335870","윙스풋","KOSDAQ","중견기업부","2080","40","1.96","2040","2240","2005","68061","141349491","34840983840","16750473"
"900340","윙입푸드","KOSDAQ","외국기업(소속부없음)","1170","-1","-0.09","1171","1173","1147","90945","105439838","58887185760","50330928"
"033270","유나이티드제약","KOSPI",,"21050","250","1.20","21000","21150","20650","43789","915716525","343826953100","16333822"
"014830","유니드","KOSPI",,"95600","100","0.10","95500","95900","92100","24326","2280453500","646982560000","6767600"
"446070","유니드비티플러스","KOSPI",,"4415","100","2.32","4310","4430","4250","46463","201238020","46848514225","10611215"
"036200","유니셈","KOSDAQ","우량기업부","6060","-40","-0.66","6080","6100","5950","131299","787726160","185825191380","30664223"
"018000","유니슨","KOSDAQ","중견기업부","1614","-44","-2.65","1663","1669","1591","1472316","2377278460","275196585546","170505939"
"000910","유니온","KOSPI",,"4690","0","0.00","4750","4750","4600","73786","342978615","73218493110","15611619"
"047400","유니온머티리얼","KOSPI",,"1598","11","0.69","1590","1604","1561","80330","126621961","67116000000","42000000"
"203450","유니온바이오메트릭스","KOSDAQ","벤처기업부","3300","-65","-1.93","3365","3380","3250","103727","341414795","46460723100","14079007"
"011330","유니켐","KOSPI",,"1401","-19","-1.34","1414","1419","1393","40110","56193669","136291586046","97281646"
"077500","유니퀘스트","KOSPI",,"5990","-230","-3.70","6240","6240","5880","170411","1018879630","129384610980","21600102"
"011320","유니크","KOSDAQ","우량기업부","3875","-50","-1.27","3930","3930","3850","17459","67463710","74867693125","19320695"
"086390","유니테스트","KOSDAQ","중견기업부","10940","-80","-0.73","11050","11050","10760","40931","444796235","231207338440","21134126"
"241690","유니테크노","KOSDAQ","우량기업부","2950","-40","-1.34","2995","3000","2940","19963","58985350","72188582700","24470706"
"142210","유니트론텍","KOSDAQ","우량기업부","6050","-190","-3.04","6280","6280","5950","271928","1640603780","116438856600","19246092"
"121060","유니포인트","KONEX","일반기업부","670","87","14.92","670","670","670","2000","1340000","4007718900","5981670"
"389680","유디엠텍","KOSDAQ","기술성장기업부","635","2","0.32","633","635","617","274363","171592147","26411215275","41592465"
"088340","유라클","KOSDAQ","벤처기업부","20100","-700","-3.37","20950","21100","19920","119122","2410243360","87597166800","4358068"
"048430","유라테크","KOSDAQ","우량기업부","8750","-10","-0.11","8770","8850","8650","28119","245043155","100800000000","11520000"
"206650","유바이오로직스","KOSDAQ","기술성장기업부","12410","50","0.40","12500","12500","12310","58594","725459440","454506768760","36624236"
"089850","유비벨록스","KOSDAQ","우량기업부","6510","-50","-0.76","6630","6630","6400","124727","808760020","95893595490","14730199"
"495810","유비씨","KONEX","일반기업부","13120","0","0.00","0","0","0","0","0","32800000000","2500000"
"084440","유비온","KOSDAQ","기술성장기업부","1191","-26","-2.14","1217","1234","1152","22857","27186829","23477944800","19712800"
"032620","유비케어","KOSDAQ","중견기업부","3865","10","0.26","3890","3890","3815","94636","362971995","201741942235","52197139"
"264450","유비쿼스","KOSDAQ","우량기업부","8060","90","1.13","7970","8200","7830","23035","184310605","120242166980","14918383"
"078070","유비쿼스홀딩스","KOSDAQ","중견기업부","9780","-60","-0.61","9880","9880","9730","1841","17990210","172174670160","17604772"
"002920","유성기업","KOSPI",,"2155","40","1.89","2115","2160","2095","19823","42375908","55916862500","25947500"
"024800","유성티엔에스","KOSDAQ","우량기업부","2925","-100","-3.31","3025","3025","2890","61910","181329142","108376550100","37051812"
"000700","유수홀딩스","KOSPI",,"6260","90","1.46","6200","6280","6080","34120","210441590","163021743120","26041812"
"054930","유신","KOSDAQ","우량기업부","24000","-400","-1.64","24500","24550","23550","11258","268429350","72000000000","3000000"
"069330","유아이디","KOSDAQ","벤처기업부","1186","-9","-0.75","1212","1212","1173","42709","50558615","16830633926","14191091"
"049520","유아이엘","KOSDAQ","우량기업부","3630","-70","-1.89","3700","3715","3615","155785","567281300","117058076520","32247404"
"444920","유안타제11호스팩","KOSDAQ","SPAC(소속부없음)","2045","0","0.00","2045","2045","2045","5025","10276125","10715800000","5240000"
"446150","유안타제12호스팩","KOSDAQ","SPAC(소속부없음)","2200","0","0.00","2200","2210","2195","28303","62326340","10494000000","4770000"
"449020","유안타제13호스팩","KOSDAQ","SPAC(소속부없음)","2075","-5","-0.24","2075","2080","2070","9280","19244295","20189750000","9730000"
"450940","유안타제14호스팩","KOSDAQ","SPAC(소속부없음)","2050","-5","-0.24","2055","2055","2045","3160","6466425","9307000000","4540000"
"473050","유안타제15호스팩","KOSDAQ","SPAC(소속부없음)","2020","0","0.00","2020","2025","2010","2886","5837525","14160200000","7010000"
"474490","유안타제16호스팩","KOSDAQ","SPAC(소속부없음)","2020","-5","-0.25","2025","2030","2015","9202","18575625","11130200000","5510000"
"493790","유안타제17호스팩","KOSDAQ","SPAC(소속부없음)","2010","5","0.25","2005","2010","2005","17238","34574895","10673100000","5310000"
"003470","유안타증권","KOSPI",,"3740","-80","-2.09","3850","3860","3710","443210","1667568633","746491194240","199596576"
"003475","유안타증권우","KOSPI",,"3725","-25","-0.67","3755","3755","3695","27611","102495242","48097989700","12912212"
"263770","유에스티","KOSDAQ","우량기업부","2080","10","0.48","2070","2090","2060","5145","10648095","49296357760","23700172"
"337840","유엑스엔","KONEX","일반기업부","8430","-540","-6.02","9000","9200","8300","3317","27887530","40021728480","4747536"
"072130","유엔젤","KOSPI",,"5140","-40","-0.77","5180","5230","5060","60607","309665260","66282633560","12895454"
"000220","유유제약","KOSPI",,"4530","-10","-0.22","4550","4550","4475","41278","185655450","77156550030","17032351"
"000225","유유제약1우","KOSPI",,"5100","-30","-0.58","5140","5150","5050","3708","18882890","11561343000","2266930"
"000227","유유제약2우B","KOSPI",,"10660","-10","-0.09","10660","10850","10550","742","7882090","3470469600","325560"
"388720","유일로보틱스","KOSDAQ","벤처기업부","78400","-2600","-3.21","81600","81800","77900","89112","7044708900","900269238400","11483026"
"340930","유일에너테크","KOSDAQ","벤처기업부","1527","-12","-0.78","1539","1599","1510","120234","184699616","52230195150","34204450"
"023410","유진기업","KOSDAQ","우량기업부","3735","45","1.22","3700","3770","3610","478602","1756570084","288756073305","77310863"
"056080","유진로봇","KOSDAQ","중견기업부","11140","-260","-2.28","11310","11340","10910","339062","3756078550","417885373280","37512152"
"468760","유진스팩10호","KOSDAQ","SPAC(소속부없음)","2115","-15","-0.70","2120","2130","2115","3022","6394425","8967600000","4240000"
"488060","유진스팩11호","KOSDAQ","SPAC(소속부없음)","2050","0","0.00","2045","2055","2045","990","2034365","9676000000","4720000"
"442130","유진스팩9호","KOSDAQ","관리종목(소속부없음)","2135","-5","-0.23","2135","2135","2135","20859","44533965","7387100000","3460000"
"084370","유진테크","KOSDAQ","우량기업부","37700","-1000","-2.58","38350","38350","37350","70878","2669372025","863934783400","22916042"
"240600","유진테크놀로지","KOSDAQ","중견기업부","4160","10","0.24","4150","4185","4130","9826","40746519","28821108160","6928151"
"001200","유진투자증권","KOSPI",,"3630","-115","-3.07","3845","3850","3595","2521412","9294681343","351625097340","96866418"
"221800","유투바이오","KOSDAQ","기술성장기업부","2980","-10","-0.33","3040","3040","2920","30903","91059060","33635844080","11287196"
"179900","유티아이","KOSDAQ","벤처기업부","23900","-600","-2.45","24500","25200","23500","66925","1607349150","450990036400","18869876"
"263050","유틸렉스","KOSDAQ","기술성장기업부","2740","50","1.86","2610","2800","2410","971822","2512404740","100927505440","36834856"
"000100","유한양행","KOSPI",,"105700","800","0.76","106000","106900","104400","325477","34402668750","8452663790900","79968437"
"000105","유한양행우","KOSPI",,"97200","-200","-0.21","97500","98800","96500","3298","320833550","114787368000","1180940"
"003460","유화증권","KOSPI",,"2740","-20","-0.72","2800","2800","2725","29588","81131757","155364617100","56702415"
"003465","유화증권우","KOSPI",,"2650","40","1.53","2600","2650","2600","96","252285","46312526250","17476425"
"191410","육일씨엔에쓰","KOSDAQ","중견기업부","1838","-18","-0.97","1870","1870","1820","39335","72548562","20593420690","11204255"
"372170","윤성에프앤씨","KOSDAQ","기술성장기업부","28900","400","1.40","28900","29050","28200","7986","227745100","230594487200","7979048"
"146060","율촌","KOSDAQ","중견기업부","1390","18","1.31","1372","1420","1351","77189","106498083","33381677050","24015595"
"008730","율촌화학","KOSPI",,"30200","-700","-2.27","30600","30650","29950","49865","1503964075","748960000000","24800000"
"072770","율호","KOSDAQ","중견기업부","624","-9","-1.42","633","644","614","286528","178688186","44877755520","71919480"
"008250","이건산업","KOSPI",,"5700","0","0.00","5720","5720","5610","21690","122931640","62430019500","10952635"
"039020","이건홀딩스","KOSDAQ","중견기업부","4850","50","1.04","4810","4890","4745","304039","1462892669","109535838650","22584709"
"025820","이구산업","KOSPI",,"5170","160","3.19","5030","5690","4995","10070131","53788295815","172895140000","33442000"
"067920","이글루","KOSDAQ","우량기업부","5530","-40","-0.72","5570","5570","5470","11466","63045275","60808538070","10996119"
"044960","이글벳","KOSDAQ","중견기업부","4335","10","0.23","4340","4340","4280","29280","125947705","54802562805","12641883"
"303530","이노뎁","KOSDAQ","벤처기업부","6920","-40","-0.57","6950","7050","6910","3174","22037350","50787949080","7339299"
"296640","이노룰스","KOSDAQ","벤처기업부","7290","-130","-1.75","7460","7550","7250","6813","49782070","37749457080","5178252"
"302430","이노메트리","KOSDAQ","벤처기업부","7930","-20","-0.25","8020","8050","7760","12017","94254250","77977339440","9833208"
"279060","이노벡스","KONEX","일반기업부","1560","0","0.00","0","0","0","0","0","15300270960","9807866"
"214320","이노션","KOSPI",,"20300","150","0.74","20250","20350","19940","32146","646522910","812000000000","40000000"
"462350","이노스페이스","KOSDAQ","기술성장기업부","16520","-250","-1.49","16770","16800","16490","11205","185468270","155563784880","9416694"
"274400","이노시뮬레이션","KOSDAQ","기술성장기업부","4880","-15","-0.31","4895","4950","4695","18887","90247410","44342085840","9086493"
"073490","이노와이어리스","KOSDAQ","우량기업부","20800","-550","-2.58","21450","21450","20550","34291","713024350","158159996800","7603846"
"215790","이노인스트루먼트","KOSDAQ","벤처기업부","447","2","0.45","445","449","445","27238","12136391","18006567603","40283149"
"344860","이노진","KOSDAQ","기술성장기업부","2065","10","0.49","2055","2090","2045","71952","149240070","24841950000","12030000"
"088390","이녹스","KOSDAQ","중견기업부","7450","-40","-0.53","7490","7580","7350","6716","49933770","69924537800","9385844"
"272290","이녹스첨단소재","KOSDAQ GLOBAL","우량기업부","22700","-100","-0.44","22700","22800","22200","82090","1842439900","459167836600","20227658"
"053350","이니텍","KOSDAQ","중견기업부","9990","-290","-2.82","10480","10480","9850","132426","1330526500","197711250840","19790916"
"452400","이닉스","KOSDAQ","벤처기업부","8090","-40","-0.49","8140","8150","7990","12561","101200260","73387852520","9071428"
"264850","이랜시스","KOSDAQ","중견기업부","4790","-45","-0.93","4845","4900","4740","64539","308605113","145111191480","30294612"
"054210","이랜텍","KOSDAQ","우량기업부","5870","-40","-0.68","5870","5870","5690","52653","303284835","148459402700","25291210"
"009730","이렘","KOSDAQ","벤처기업부","786","0","0.00","786","790","770","359952","279681938","47899594560","60940960"
"065440","이루온","KOSDAQ","벤처기업부","1753","-4","-0.23","1760","1761","1715","392088","679699961","47813110060","27275020"
"088260","이리츠코크렙","KOSPI",,"4472","42","0.95","4450","4475","4420","31537","140148453","283263590480","63341590"
"139480","이마트","KOSPI",,"92400","-2700","-2.84","93400","93700","90600","170623","15657022100","2549853675600","27595819"
"424870","이뮨온시아","KOSDAQ","기술성장기업부","4665","10","0.21","4630","4700","4455","464733","2115155337","344771811885","73906069"
"115610","이미지스","KOSDAQ","벤처기업부","1206","-2","-0.17","1238","1238","1194","94205","113237839","20909070828","17337538"
"478110","이베스트스팩6호","KOSDAQ","SPAC(소속부없음)","2015","0","0.00","2015","2015","2005","2797","5633955","10115300000","5020000"
"131400","이브이첨단소재","KOSDAQ","벤처기업부","1229","-6","-0.49","1244","1244","1210","225535","274642325","73235964978","59589882"
"208850","이비테크","KONEX","일반기업부","5100","0","0.00","5100","5100","5100","1","5100","14383275000","2820250"
"351330","이삭엔지니어링","KOSDAQ","벤처기업부","7000","-120","-1.69","7100","7160","6940","25574","179373830","58019640000","8288520"
"080010","이상네트웍스","KOSDAQ","중견기업부","5890","70","1.20","5860","5890","5760","4095","23903740","57928568190","9835071"
"379390","이성씨엔아이","KONEX","일반기업부","7400","0","0.00","7510","7510","7400","11","81510","21026804000","2841460"
"457190","이수스페셜티케미컬","KOSPI",,"42450","50","0.12","42750","42750","41550","122578","5158643750","1282341486000","30208280"
"086890","이수앱지스","KOSDAQ","우량기업부","5420","-340","-5.90","5750","5750","5370","323642","1774787380","200478585980","36988669"
"007660","이수페타시스","KOSPI",,"49000","-1700","-3.35","50100","50200","47600","1355535","65791871125","3597051731000","73409219"
"005950","이수화학","KOSPI",,"6200","30","0.49","6170","6200","6000","55597","339927215","163023847800","26294169"
"015020","이스타코","KOSPI",,"738","29","4.09","709","752","694","676569","489657960","31624480800","42851600"
"047560","이스트소프트","KOSDAQ","중견기업부","21750","-500","-2.25","22100","22300","21550","78390","1708281800","253506951000","11655492"
"900110","이스트아시아홀딩스","KOSDAQ","외국기업(소속부없음)","70","16","29.63","69","70","63","99604659","6820474606","44985541160","642650588"
"239340","이스트에이드","KOSDAQ","중견기업부","2160","-30","-1.37","2195","2235","2110","196009","420136306","58276009440","26979634"
"067010","이씨에스","KOSDAQ","벤처기업부","2805","0","0.00","2875","2875","2770","4934","13776595","34484670000","12294000"
"093230","이아이디","KOSPI",,"1392","0","0.00","0","0","0","0","0","354103029120","254384360"
"341310","이앤에치","KONEX","일반기업부","699","2","0.29","699","699","699","1","699","12088086600","17293400"
"456070","이엔셀","KOSDAQ","기술성장기업부","11800","-230","-1.91","12060","12090","11740","44214","524776365","128632449000","10901055"
"102710","이엔에프테크놀로지","KOSDAQ","우량기업부","38450","-100","-0.26","38100","39250","37100","74467","2866947875","549367294200","14287836"
"074610","이엔플러스","KOSPI",,"511","0","0.00","0","0","0","0","0","37494486519","73374729"
"041520","이엘씨","KOSDAQ","중견기업부","9420","-540","-5.42","9890","9890","9300","43701","413530740","114817836600","12188730"
"063760","이엘피","KOSDAQ","벤처기업부","2130","40","1.91","2090","2140","2090","15339","32366490","19862526900","9325130"
"123570","이엠넷","KOSDAQ","중견기업부","2465","-30","-1.20","2500","2500","2430","30725","75285120","54910532270","22276078"
"083470","이엠앤아이","KOSDAQ","벤처기업부","854","-17","-1.95","896","896","807","103214","88822794","18224640966","21340329"
"095190","이엠코리아","KOSDAQ","중견기업부","2250","15","0.67","2265","2265","2200","137904","305835300","146836039500","65260462"
"091120","이엠텍","KOSDAQ","중견기업부","10070","30","0.30","10000","10100","9900","42507","424402960","172528665520","17132936"
"232530","이엠티","KONEX","일반기업부","3740","-50","-1.32","3890","3890","3600","4229","15386255","95797496960","25614304"
"102460","이연제약","KOSPI",,"12040","80","0.67","12130","12320","11930","44030","533396255","223785204440","18586811"
"039030","이오테크닉스","KOSDAQ GLOBAL","우량기업부","175700","1800","1.04","174100","178000","171100","130232","22789598900","2164544935000","12319550"
"294090","이오플로우","KOSDAQ","관리종목(소속부없음)","1490","0","0.00","0","0","0","0","0","52267866450","35079105"
"088290","이원컴포텍","KOSDAQ","중견기업부","1148","-11","-0.95","1159","1159","1129","19373","22128074","45782657872","39880364"
"084680","이월드","KOSPI",,"1699","20","1.19","1680","1717","1660","524903","886618700","240928721907","141806193"
"353810","이지바이오","KOSDAQ","우량기업부","4980","-60","-1.19","5070","5070","4915","71437","353665836","164747961600","33081920"
"350520","이지스레지던스리츠","KOSPI",,"4130","-10","-0.24","4155","4155","4095","69209","284026290","152257414260","36866202"
"334890","이지스밸류플러스리츠","KOSPI",,"4835","5","0.10","4840","4875","4805","47903","231663676","248729172615","51443469"
"099750","이지케어텍","KOSDAQ","벤처기업부","17810","-90","-0.50","17950","18100","17630","9532","169684000","121727360560","6834776"
"377330","이지트로닉스","KOSDAQ","기술성장기업부","4570","-35","-0.76","4605","4605","4510","27341","124046630","37199589780","8139954"
"035810","이지홀딩스","KOSDAQ","우량기업부","4055","-25","-0.61","4100","4100","3985","150169","605524767","261613130175","64516185"
"092130","이크레더블","KOSDAQ","중견기업부","16120","-30","-0.19","16340","16340","16030","4340","69980980","194142832000","12043600"
"096040","이트론","KOSDAQ","투자주의환기종목(소속부없음)","271","0","0.00","0","0","0","0","0","245561580945","906131295"
"134060","이퓨쳐","KOSDAQ","벤처기업부","4660","-20","-0.43","4645","4665","4630","425","1980010","22224705000","4769250"
"001840","이화공영","KOSDAQ","투자주의환기종목(소속부없음)","1616","0","0.00","0","0","0","0","0","36010355776","22283636"
"000760","이화산업","KOSPI",,"12850","70","0.55","13100","13100","12540","903","11527090","35980000000","2800000"
"024810","이화전기","KOSDAQ","관리종목(소속부없음)","899","0","0.00","0","0","0","0","0","196834827360","218948640"
"014990","인디에프","KOSPI",,"1497","65","4.54","1423","1535","1390","4461428","6559817536","112444153515","75112995"
"041830","인바디","KOSDAQ","우량기업부","23300","-350","-1.48","23650","23800","22850","33614","779467825","314104550600","13480882"
"352940","인바이오","KOSDAQ","벤처기업부","2635","-65","-2.41","2700","2725","2575","23326","61346195","28636468550","10867730"
"101140","인바이오젠","KOSPI",,"10800","250","2.37","10550","10990","9980","12146","129914120","108477532800","10044216"
"216400","인바이츠바이오코아","KONEX","일반기업부","3990","-80","-1.97","4095","4095","3610","936","3546225","30768146850","7711315"
"079950","인베니아","KOSDAQ","중견기업부","621","-5","-0.80","637","637","617","62608","39124235","14407200000","23200000"
"389470","인벤티지랩","KOSDAQ","기술성장기업부","31200","-850","-2.65","32150","32500","30950","99064","3115565900","333354340800","10684434"
"277410","인산가","KOSDAQ","벤처기업부","1446","-118","-7.54","1531","1560","1426","2618590","3879622028","55463916894","38356789"
"060150","인선이엔티","KOSDAQ","중견기업부","5460","-60","-1.09","5510","5520","5360","94592","512879165","254237321520","46563612"
"033230","인성정보","KOSDAQ","중견기업부","2130","-20","-0.93","2145","2150","2100","419996","888737918","107597759400","50515380"
"450520","인스웨이브","KOSDAQ","벤처기업부","4460","-60","-1.33","4575","4575","4435","74173","332429675","65582417880","14704578"
"006490","인스코비","KOSPI",,"1476","-23","-1.53","1481","1512","1450","476262","703380885","179225546472","121426522"
"465480","인스피언","KOSDAQ","벤처기업부","6590","-100","-1.49","6680","6690","6510","43872","287761210","66807917480","10137772"
"037330","인지디스플레","KOSDAQ","우량기업부","1353","1","0.07","1363","1363","1342","75806","102086280","59376708072","43885224"
"100030","인지소프트","KOSDAQ","벤처기업부","17610","-60","-0.34","17610","18000","17420","8102","142043940","57826203540","3283714"
"023800","인지컨트롤스","KOSPI",,"6050","-40","-0.66","6100","6150","5930","54953","329507410","95645641850","15809197"
"034590","인천도시가스","KOSPI",,"25700","-100","-0.39","25800","25800","25650","671","17242350","112431177800","4374754"
"211050","인카금융서비스","KOSDAQ","우량기업부","13990","-260","-1.82","14250","14600","13910","152773","2155727415","718803402000","51379800"
"083640","인콘","KOSDAQ","벤처기업부","323","0","0.00","323","329","315","240687","77082474","25103673373","77720351"
"064090","인크레더블버즈","KOSDAQ","중견기업부","1967","21","1.08","1946","1980","1923","42906","83388528","97843979415","49742745"
"216050","인크로스","KOSDAQ","중견기업부","8610","-150","-1.71","8750","8750","8500","45376","388316925","110580141420","12843222"
"049070","인탑스","KOSDAQ","우량기업부","16310","-180","-1.09","16470","16680","16090","38769","629835200","280532000000","17200000"
"311960","인터로이드","KONEX","일반기업부","3000","-290","-8.81","3000","3300","3000","10","32075","9187992000","3062664"
"119610","인터로조","KOSDAQ","중견기업부","16010","0","0.00","16020","16130","15560","57824","909043520","211595812780","13216478"
"017250","인터엠","KOSDAQ","중견기업부","1033","-2","-0.19","1035","1045","1029","33215","34440069","21739967411","21045467"
"129260","인터지스","KOSPI",,"2840","-10","-0.35","2820","2910","2810","235696","672738057","84483962160","29747874"
"051370","인터플렉스","KOSDAQ","우량기업부","8360","-40","-0.48","8400","8400","8210","49361","408241855","195017665920","23327472"
"064290","인텍플러스","KOSDAQ","벤처기업부","8830","-50","-0.56","8880","8940","8650","25440","222389420","113588784460","12863962"
"189300","인텔리안테크","KOSDAQ","우량기업부","48650","-1250","-2.51","49750","50300","47500","71601","3487152250","522176699100","10733334"
"287840","인투셀","KOSDAQ","기술성장기업부","38050","100","0.26","38600","39500","37350","267911","10195400325","564951180000","14847600"
"150840","인트로메딕","KOSDAQ","관리종목(소속부없음)","5850","0","0.00","0","0","0","0","0","251537720850","42997901"
"048530","인트론바이오","KOSDAQ","기술성장기업부","4605","915","24.80","3665","4795","3620","12096861","54330843435","157264259010","34150762"
"023810","인팩","KOSPI",,"5770","-50","-0.86","5830","5850","5770","4418","25553860","57700000000","10000000"
"115310","인포바인","KOSDAQ","벤처기업부","43250","550","1.29","42700","43750","42450","5122","221305000","138092189750","3192883"
"039290","인포뱅크","KOSDAQ","중견기업부","6630","-60","-0.90","6670","6670","6570","14217","93861240","57641074140","8693978"
"071200","인피니트헬스케어","KOSDAQ","중견기업부","6560","-10","-0.15","6570","6600","6470","44375","288668550","160040764480","24396458"
"101930","인화정공","KOSDAQ","우량기업부","35000","-1300","-3.58","35700","35950","34750","37506","1318566200","336550655000","9615733"
"249420","일동제약","KOSPI",,"12520","-140","-1.11","12740","12740","12400","27859","347514960","351342512520","28062501"
"000230","일동홀딩스","KOSPI",,"7320","-60","-0.81","7390","7470","7180","51453","376308605","84475728000","11540400"
"013360","일성건설","KOSPI",,"1830","59","3.33","1774","1888","1763","752660","1383810985","98865530400","54024880"
"003120","일성아이에스","KOSPI",,"24650","-650","-2.57","25300","25300","24300","16932","416989900","327845000000","13300000"
"333430","일승","KOSDAQ","중견기업부","4100","-135","-3.19","4235","4240","4000","197098","805226555","125979662700","30726747"
"068330","일신바이오","KOSDAQ","중견기업부","1818","106","6.19","1712","1990","1668","6982702","13004514552","80384942520","44216140"
"003200","일신방직","KOSPI",,"11080","-110","-0.98","11200","11300","10760","39845","437674075","254396800000","22960000"
"007110","일신석재","KOSPI",,"2430","-35","-1.42","2465","2465","2380","1489726","3587424135","188219562300","77456610"
"007570","일양약품","KOSPI",,"13620","-170","-1.23","13810","13840","13520","45668","622237530","259946743680","19085664"
"007575","일양약품우","KOSPI",,"14500","60","0.42","14550","14550","14500","330","4786950","6453660000","445080"
"178780","일월지엠엘","KOSDAQ","중견기업부","2735","-35","-1.26","2800","2815","2700","19247","52909415","48598748325","17769195"
"008500","일정실업","KOSPI",,"12410","-40","-0.32","12450","12580","12200","4624","56992290","14892000000","1200000"
"019540","일지테크","KOSDAQ","우량기업부","4420","0","0.00","4420","4470","4335","47229","206973072","59729670000","13513500"
"081000","일진다이아","KOSPI",,"13160","0","0.00","13300","13330","13010","10750","140370050","186911151000","14202975"
"020760","일진디스플","KOSPI",,"1041","44","4.41","1016","1130","1016","1929597","2059781164","53625804381","51513741"
"103590","일진전기","KOSPI",,"40550","-50","-0.12","40200","40700","38850","811927","32206433800","1933642564500","47685390"
"094820","일진파워","KOSDAQ","우량기업부","11820","0","0.00","0","0","0","0","0","178230340380","15078709"
"271940","일진하이솔루스","KOSPI",,"16570","180","1.10","16500","16720","16030","64247","1057192580","601709558300","36313190"
"015860","일진홀딩스","KOSPI",,"5980","80","1.36","6230","6300","5630","1046614","6234002450","295097948340","49347483"
"226320","잇츠한불","KOSPI",,"13470","260","1.97","13210","13750","13210","25857","347785170","295387873050","21929315"
"950140","잉글우드랩","KOSDAQ","외국기업(소속부없음)","12980","-310","-2.33","13380","13480","12620","262978","3399339940","257884900680","19867866"
"049550","잉크테크","KOSDAQ","우량기업부","3275","-25","-0.76","3330","3330","3265","8086","26561887","64210557175","19606277"
"389020","자람테크놀로지","KOSDAQ","기술성장기업부","39700","-550","-1.37","40100","40100","38500","40947","1598101800","246049881000","6197730"
"254120","자비스","KOSDAQ","기술성장기업부","1447","-33","-2.23","1465","1468","1437","51273","73978870","44501428690","30754270"
"043910","자연과환경","KOSDAQ","벤처기업부","734","-11","-1.48","748","750","730","1350199","993783773","83229329438","113391457"
"234920","자이글","KOSDAQ","벤처기업부","5640","620","12.35","5490","6520","5310","6522718","39091408190","76314332400","13530910"
"289220","자이언트스텝","KOSDAQ","기술성장기업부","7430","-280","-3.63","7680","7680","7210","62613","467637550","165779802030","22312221"
"317400","자이에스앤디","KOSPI",,"3625","-30","-0.82","3680","3680","3560","41977","150954570","140586635000","38782520"
"033240","자화전자","KOSPI",,"15450","240","1.58","15360","15490","14980","75623","1154101320","336140026200","21756636"
"174880","장원테크","KOSDAQ","관리종목(소속부없음)","2650","0","0.00","0","0","0","0","0","11610352250","4381265"
"049630","재영솔루텍","KOSDAQ","중견기업부","870","-3","-0.34","866","878","852","680680","589107928","78901073430","90690889"
"417840","저스템","KOSDAQ","벤처기업부","10460","-310","-2.88","10770","10770","10400","88181","928901035","75968365000","7262750"
"000950","전방","KOSPI",,"38250","-1300","-3.29","39700","40150","37400","7577","295362225","64260000000","1680000"
"079900","전진건설로봇","KOSPI",,"57100","-300","-0.52","57900","58400","55600","130405","7493241000","833234319500","14592545"
"110020","전진바이오팜","KOSDAQ","기술성장기업부","3760","-75","-1.96","3800","3800","3600","23746","87935495","34060945120","9058762"
"208140","정다운","KOSDAQ","우량기업부","2760","-10","-0.36","2780","2780","2725","96474","265408600","90208518960","32684246"
"040420","정상제이엘에스","KOSDAQ","우량기업부","6330","70","1.12","6230","6700","6200","317293","2050450830","99238904160","15677552"
"045510","정원엔시스","KOSDAQ","중견기업부","893","-4","-0.45","901","920","888","18994","16983712","28762897756","32209292"
"217190","제너셈","KOSDAQ","벤처기업부","7070","-40","-0.56","7430","7430","6950","26468","187998590","61998060180","8769174"
"095700","제넥신","KOSDAQ","기술성장기업부","4880","60","1.24","4820","4895","4790","32387","156434931","222237610720","45540494"
"122310","제노레이","KOSDAQ","우량기업부","5690","-50","-0.87","5780","5780","5680","5167","29459200","82811372360","14553844"
"361390","제노코","KOSDAQ","벤처기업부","18490","-780","-4.05","19260","19350","18380","51101","952532080","138689588610","7500789"
"066830","제노텍","KONEX","일반기업부","1294","0","0.00","0","0","0","0","0","7333330920","5667180"
"225220","제놀루션","KOSDAQ","벤처기업부","2280","35","1.56","2235","2285","2225","68881","154799426","43753247880","19190021"
"123330","제닉","KOSDAQ","벤처기업부","37100","-1050","-2.75","38800","39400","36750","83096","3126147600","295638028000","7968680"
"381620","제닉스","KOSDAQ","중견기업부","7270","-190","-2.55","7460","7460","7190","34565","251048725","95367278400","13117920"
"159580","제로투세븐","KOSDAQ","중견기업부","4775","-35","-0.73","4810","4835","4690","86853","411772937","95655836900","20032636"
"147830","제룡산업","KOSDAQ","벤처기업부","6730","-10","-0.15","6830","6830","6610","99508","664624000","134600000000","20000000"
"033100","제룡전기","KOSDAQ","우량기업부","42400","-1400","-3.20","43350","43800","41500","242284","10242960050","681046141600","16062409"
"079370","제우스","KOSDAQ","우량기업부","12580","-160","-1.26","12720","12730","12310","185307","2317136825","390193734200","31016990"
"054950","제이브이엠","KOSDAQ","우량기업부","25650","50","0.20","25650","26450","25400","101391","2617269025","310105729800","12089892"
"023440","제이스코홀딩스","KOSDAQ","중견기업부","1880","5","0.27","1873","1900","1857","163844","307058673","154410109560","82133037"
"090470","제이스텍","KOSDAQ","우량기업부","3645","-25","-0.68","3655","3715","3615","13441","48785750","63702185130","17476594"
"137950","제이씨케미칼","KOSDAQ","우량기업부","4000","10","0.25","4010","4010","3910","35038","138108640","89071256000","22267814"
"033320","제이씨현시스템","KOSDAQ","벤처기업부","5340","-120","-2.20","5430","5460","5230","165008","878370310","102071066880","19114432"
"417500","제이아이테크","KOSDAQ","우량기업부","3505","-70","-1.96","3570","3570","3460","60050","209841154","114910527720","32784744"
"348950","제이알글로벌리츠","KOSPI",,"2650","0","0.00","2645","2650","2600","304529","798107725","523046400000","197376000"
"204270","제이앤티씨","KOSDAQ","중견기업부","16120","-560","-3.36","16950","16980","15820","303417","4943917155","932517271920","57848466"
"127120","제이에스링크","KOSDAQ","벤처기업부","10270","90","0.88","10180","10280","9950","60273","611067730","277068414480","26978424"
"194370","제이에스코퍼레이션","KOSPI",,"11510","160","1.41","11490","11760","11190","205889","2368183790","332723011490","28907299"
"026040","제이에스티나","KOSDAQ","중견기업부","3305","175","5.59","3140","3400","3060","392167","1270892866","54545025950","16503790"
"452160","제이엔비","KOSDAQ","중견기업부","6150","320","5.49","5830","6420","5680","761436","4618985785","59147791050","9617527"
"126880","제이엔케이글로벌","KOSDAQ","우량기업부","3955","-45","-1.13","4010","4010","3880","55652","218175666","91775391365","23204903"
"322510","제이엘케이","KOSDAQ","기술성장기업부","6540","-160","-2.39","6930","6940","6450","84033","557286355","166958953680","25528892"
"254160","제이엠멀티","KONEX","일반기업부","2660","110","4.31","2510","2660","2510","21","55660","13725600000","5160000"
"033050","제이엠아이","KOSDAQ","벤처기업부","900","-4","-0.44","904","909","897","3008","2712974","29321407800","32579342"
"094970","제이엠티","KOSDAQ","벤처기업부","2270","-15","-0.66","2285","2285","2225","178794","399979640","38018504800","16748240"
"418550","제이오","KOSDAQ","기술성장기업부","8390","-60","-0.71","8380","8490","8290","41623","347325120","268628276470","32017673"
"025620","제이준코스메틱","KOSPI",,"7370","70","0.96","7300","7370","7000","17859","129109090","59186612760","8030748"
"420570","제이투케이바이오","KOSDAQ","벤처기업부","10000","-90","-0.89","10110","10180","9950","13053","131023610","58474830000","5847483"
"089790","제이티","KOSDAQ","벤처기업부","4150","-100","-2.35","4215","4260","4120","56798","236083545","42809378950","10315513"
"030000","제일기획","KOSPI",,"20500","300","1.49","20150","20600","20150","278339","5690665225","2358345112500","115041225"
"052670","제일바이오","KOSDAQ","관리종목(소속부없음)","2080","0","0.00","0","0","0","0","0","60588453120","29129064"
"271980","제일약품","KOSPI",,"14950","80","0.54","15060","15220","14760","23279","348453550","219837836400","14704872"
"412540","제일엠앤에스","KOSDAQ","관리종목(소속부없음)","3935","0","0.00","0","0","0","0","0","81063616775","20600665"
"001560","제일연마","KOSPI",,"9260","-100","-1.07","9360","9410","9200","2526","23449340","90748000000","9800000"
"199820","제일일렉트릭","KOSDAQ","우량기업부","10760","-270","-2.45","10820","10930","10300","538381","5704910020","239087200000","22220000"
"038010","제일테크노스","KOSDAQ","우량기업부","6390","-100","-1.54","6500","6500","6310","15217","96963660","57510000000","9000000"
"002620","제일파마홀딩스","KOSPI",,"8790","90","1.03","8890","8910","8570","17435","152644880","140405790450","15973355"
"080220","제주반도체","KOSDAQ","우량기업부","15530","540","3.60","15010","15800","14460","1589451","24250358655","534897196490","34442833"
"006220","제주은행","KOSPI",,"14010","-1060","-7.03","15230","15270","13820","645255","9193458320","529557783570","37798557"
"089590","제주항공","KOSPI",,"7150","40","0.56","7140","7150","7060","69116","491596075","576583042750","80640985"
"216080","제테마","KOSDAQ","우량기업부","7280","320","4.60","6970","7570","6970","595407","4365275015","261050011040","35858518"
"337930","젝시믹스","KOSDAQ","우량기업부","5770","-70","-1.20","5880","5880","5730","84998","489937055","172418995750","29881975"
"229000","젠큐릭스","KOSDAQ","기술성장기업부","1926","-42","-2.13","2110","2390","1903","6360836","14088954786","30434596146","15801971"
"082270","젬백스","KOSDAQ","벤처기업부","61200","0","0.00","61800","62500","59800","121846","7442133950","2534050933200","41406061"
"044060","조광ILI","KOSDAQ","관리종목(소속부없음)","732","0","0.00","0","0","0","0","0","70075958688","95732184"
"004910","조광페인트","KOSPI",,"5530","-40","-0.72","5570","5580","5410","55627","304403210","70784000000","12800000"
"004700","조광피혁","KOSPI",,"61900","-1500","-2.37","63400","63400","61200","5574","346555100","411581642200","6649138"
"001550","조비","KOSPI",,"14830","20","0.14","14720","14860","14400","32550","474813110","77000904370","5192239"
"462520","조선내화","KOSPI",,"14030","220","1.59","13890","14150","13560","6502","90657395","166328007040","11855168"
"120030","조선선재","KOSPI",,"99500","-1100","-1.09","100100","101400","99000","1403","139404700","125136274500","1257651"
"034940","조아제약","KOSDAQ","중견기업부","1030","8","0.78","1022","1033","1020","13496","13815770","31909221810","30979827"
"067000","조이시티","KOSDAQ","중견기업부","1913","-31","-1.59","1944","1954","1900","239930","458871227","133725292198","69903446"
"018470","조일알미늄","KOSPI",,"1514","2","0.13","1512","1520","1488","288537","432182349","191720425594","126631721"
"002600","조흥","KOSPI",,"155600","-1800","-1.14","157400","157400","155600","30","4710400","93360000000","600000"
"185750","종근당","KOSPI",,"86600","2700","3.22","83900","86900","83900","39469","3396337750","1195320748000","13802780"
"063160","종근당바이오","KOSPI",,"22350","200","0.90","22150","22600","22100","8048","179825925","122611250700","5485962"
"001630","종근당홀딩스","KOSPI",,"53100","-800","-1.48","53500","53500","52300","4080","215016150","266023619100","5009861"
"033340","좋은사람들","KOSDAQ","중견기업부","1690","33","1.99","1645","1740","1636","10378368","17532499130","163846443020","96950558"
"036930","주성엔지니어링","KOSDAQ GLOBAL","우량기업부","30900","200","0.65","30800","31200","30200","220997","6776569475","1460591118900","47268321"
"109070","주성코퍼레이션","KOSPI",,"834","9","1.09","833","842","820","115315","95953142","44043731820","52810230"
"044380","주연테크","KOSPI",,"405","22","5.74","378","440","378","2175088","900889531","26893560060","66403852"
"072020","중앙백신","KOSDAQ","벤처기업부","9880","-30","-0.30","9940","9940","9800","11630","114393680","95427827560","9658687"
"000440","중앙에너비스","KOSDAQ","중견기업부","15490","-210","-1.34","15610","16840","15350","294557","4741850465","96458243700","6227130"
"051980","중앙첨단소재","KOSDAQ","중견기업부","2075","40","1.97","2010","2270","1998","5305239","11386949113","211239770425","101802299"
"228760","지노믹트리","KOSDAQ","기술성장기업부","13390","320","2.45","13230","13950","13130","223568","3018578845","326403236380","24376642"
"314130","지놈앤컴퍼니","KOSDAQ","기술성장기업부","3060","285","10.27","2925","3150","2850","1370350","4156507293","95121675900","31085515"
"013890","지누스","KOSPI",,"17690","240","1.38","17480","17820","17110","85364","1495827930","393683449440","22254576"
"389030","지니너스","KOSDAQ","기술성장기업부","2170","-10","-0.46","2190","2350","2135","198646","440994548","72373503650","33351845"
"263860","지니언스","KOSDAQ","벤처기업부","21300","-850","-3.84","22250","22500","21250","28265","609056825","193395480000","9079600"
"303030","지니틱스","KOSDAQ","벤처기업부","1133","1","0.09","1131","1163","1109","130409","146709235","40499841844","35745668"
"036180","지더블유바이텍","KOSDAQ","투자주의환기종목(소속부없음)","577","0","0.00","0","0","0","0","0","53929030348","93464524"
"208350","지란지교시큐리티","KOSDAQ","벤처기업부","2760","10","0.36","2760","2820","2740","18895","52192195","24394395240","8838549"
"289860","지슨","KONEX","일반기업부","7270","-60","-0.82","7000","7400","7000","13073","94129660","125986039330","17329579"
"144510","지씨셀","KOSDAQ","중견기업부","20350","150","0.74","20500","20550","20100","9874","200100700","321537000400","15800344"
"340450","지씨지놈","KOSDAQ","기술성장기업부","8680","-350","-3.88","9080","9080","8650","211047","1852727900","205288883240","23650793"
"358570","지아이이노베이션","KOSDAQ","기술성장기업부","20500","150","0.74","20950","21100","19980","499829","10218269135","1266970991500","61803463"
"382480","지아이텍","KOSDAQ","벤처기업부","2095","-10","-0.48","2105","2125","2050","113444","235377257","82453208300","39357140"
"382800","지앤비에스 에코","KOSDAQ","우량기업부","3715","-25","-0.67","3740","3810","3690","98479","367177588","118252317315","31831041"
"299480","지앤이헬스케어","KONEX","일반기업부","176","17","10.69","136","180","136","132517","18238888","1953730768","11100743"
"051160","지어소프트","KOSDAQ","중견기업부","11670","-470","-3.87","12070","12100","11500","84292","988766105","180586598100","15474430"
"053050","지에스이","KOSDAQ","우량기업부","2855","-25","-0.87","2865","2925","2845","385852","1108338023","85614589435","29987597"
"076340","지에이이노더스","KONEX","일반기업부","5400","0","0.00","0","0","0","0","0","26305884000","4871460"
"388610","지에프씨생명과학","KOSDAQ","기술성장기업부","28650","-700","-2.39","29600","33550","28250","5513418","170634953350","149716562850","5225709"
"119850","지엔씨에너지","KOSDAQ","우량기업부","34450","-1450","-4.04","35300","35800","32300","311774","10544373650","566664915050","16448909"
"065060","지엔코","KOSDAQ","중견기업부","1186","-15","-1.25","1201","1227","1165","128494","153118981","12809753544","10800804"
"204840","지엘팜텍","KOSDAQ","기술성장기업부","1190","-17","-1.41","1207","1208","1180","135420","160668943","91588595140","76965206"
"013870","지엠비코리아","KOSPI",,"4045","-20","-0.49","4065","4065","4005","6042","24353015","77147372600","19072280"
"071320","지역난방공사","KOSPI",,"81000","-1400","-1.70","81600","81900","79200","18807","1509972850","937878264000","11578744"
"311320","지오엘리먼트","KOSDAQ","기술성장기업부","6650","-10","-0.15","6660","6700","6510","15949","104802480","83886824000","12614560"
"388050","지투파워","KOSDAQ","벤처기업부","9450","-440","-4.45","9740","9740","9300","361389","3413566755","176804179650","18709437"
"088790","진도","KOSPI",,"2015","15","0.75","2020","2030","1985","26126","52286101","25082204160","12447744"
"018120","진로발효","KOSDAQ","우량기업부","19030","90","0.48","18990","19030","18750","2509","47590640","125999913600","6621120"
"109820","진매트릭스","KOSDAQ","기술성장기업부","2725","-10","-0.37","2715","2760","2665","73569","198333570","55572669000","20393640"
"086060","진바이오텍","KOSDAQ","중견기업부","4370","15","0.34","4355","4385","4310","44132","191534346","37628265190","8610587"
"036890","진성티이씨","KOSDAQ","우량기업부","11140","-50","-0.45","11460","11460","10970","79404","884208475","250452465520","22482268"
"363250","진시스템","KOSDAQ","기술성장기업부","6200","-70","-1.12","6220","6360","5810","237127","1434808295","43665347600","7042798"
"003780","진양산업","KOSPI",,"5640","-30","-0.53","5670","5670","5560","53765","300536760","73320000000","13000000"
"007370","진양제약","KOSDAQ","우량기업부","6360","-40","-0.63","6430","6430","6270","61249","386539300","82930450440","13039379"
"010640","진양폴리","KOSPI",,"3945","-20","-0.50","3965","3985","3935","45698","180405521","39450000000","10000000"
"100250","진양홀딩스","KOSPI",,"3250","0","0.00","3265","3270","3220","24592","79665160","181659699000","55895292"
"051630","진양화학","KOSPI",,"1962","-14","-0.71","1971","1984","1940","123117","240219267","41594400000","21200000"
"272450","진에어","KOSPI",,"9450","100","1.07","9310","9450","9270","80188","752560590","493290000000","52200000"
"285800","진영","KOSDAQ","벤처기업부","2200","20","0.92","2150","2250","2125","81680","177992570","38449994000","17477270"
"011000","진원생명과학","KOSPI",,"2580","40","1.57","2510","2600","2470","458774","1165042528","219086074140","84917083"
"250030","진코스텍","KONEX","일반기업부","14400","1010","7.54","13880","15000","13010","4569","64238600","37286452800","2589337"
"002780","진흥기업","KOSPI",,"772","3","0.39","771","772","761","175556","134286946","112304187140","145471745"
"002787","진흥기업2우B","KOSPI",,"8010","0","0.00","7900","8030","7900","422","3354790","2361412080","294808"
"002785","진흥기업우B","KOSPI",,"3570","55","1.56","3570","3570","3570","62","221340","3060268260","857218"
"233990","질경이","KONEX","일반기업부","852","-12","-1.39","978","978","842","798","677838","12579693096","14764898"
"085660","차바이오텍","KOSDAQ","중견기업부","11090","150","1.37","11020","11150","10890","152218","1672251415","847566369470","76426183"
"261780","차백신연구소","KOSDAQ","기술성장기업부","3015","-5","-0.17","3025","3045","2980","14934","44853330","80998716690","26865246"
"351870","차이커뮤니케이션","KOSDAQ","중견기업부","7190","-210","-2.84","7400","7420","7120","20743","149924870","80245015980","11160642"
"009310","참엔지니어링","KOSPI",,"1372","-9","-0.65","1418","1418","1325","60967","82702855","23287618676","16973483"
"094850","참좋은여행","KOSDAQ","벤처기업부","7490","-20","-0.27","7580","7660","7360","102254","766692080","104860000000","14000000"
"368030","창대정밀","KONEX","일반기업부","8580","0","0.00","0","0","0","0","0","15009054060","1749307"
"004650","창해에탄올","KOSDAQ","중견기업부","10160","180","1.80","10000","10200","9920","50686","511787270","93379391600","9190885"
"278280","천보","KOSDAQ","중견기업부","39950","-100","-0.25","40050","40150","39100","17464","692630850","399500000000","10000000"
"000650","천일고속","KOSPI",,"42350","-450","-1.05","42350","42450","42250","53","2244100","60527467000","1429220"
"362320","청담글로벌","KOSDAQ","중견기업부","6070","-90","-1.46","6190","6190","6020","41609","252643295","127781330300","21051290"
"066360","체리부로","KOSDAQ","우량기업부","822","11","1.36","811","823","804","154753","125672440","39416556330","47952015"
"033250","체시스","KOSPI",,"1159","7","0.61","1157","1174","1139","402236","463161237","37088000000","32000000"
"047820","초록뱀미디어","KOSDAQ","중견기업부","6110","90","1.50","6040","6260","6010","146139","897078415","149413512300","24453930"
"094360","칩스앤미디어","KOSDAQ","벤처기업부","16650","-250","-1.48","16800","16980","16470","68883","1142353180","352271942100","21157474"
"016920","카스","KOSDAQ","중견기업부","1300","23","1.80","1280","1319","1265","206016","266624033","34441599400","26493538"
"284620","카이노스메드","KOSDAQ","관리종목(소속부없음)","1027","26","2.60","1001","1029","995","15899","16002756","33980300731","33086953"
"035720","카카오","KOSPI",,"58600","-1500","-2.50","61000","61300","58100","2539924","150273268500","25887516958600","441766501"
"293490","카카오게임즈","KOSDAQ GLOBAL","중견기업부","18430","-410","-2.18","19170","19300","18310","479338","8931033390","1527228433910","82866437"
"323410","카카오뱅크","KOSPI",,"29600","-250","-0.84","30200","30800","28800","1612099","47992406575","14118887335200","476989437"
"377300","카카오페이","KOSPI",,"77200","500","0.65","79200","81300","75000","2471218","193732915750","10398583850400","134696682"
"140430","카티스","KOSDAQ","벤처기업부","2620","-45","-1.69","2730","2735","2595","103588","273943365","50047813780","19102219"
"042000","카페24","KOSDAQ","기술성장기업부","46450","-1400","-2.93","48100","48500","46200","184120","8640288050","1126554358300","24253054"
"006380","카프로","KOSPI",,"3660","0","0.00","0","0","0","0","0","618539985360","168999996"
"313760","캐리","KOSDAQ","투자주의환기종목(소속부없음)","4540","-270","-5.61","4810","4865","4425","120222","550718592","50880624440","11207186"
"317530","캐리소프트","KOSDAQ","기술성장기업부","4745","-65","-1.35","4830","4980","4680","9677","45642830","47637209230","10039454"
"071850","캐스텍코리아","KOSDAQ","투자주의환기종목(소속부없음)","1610","-4","-0.25","1606","1610","1595","6116","9839083","39060110180","24260938"
"198080","캐프","KOSDAQ","우량기업부","2440","5","0.21","2435","2455","2400","36449","88358361","52545851400","21535185"
"210120","캔버스엔","KOSDAQ","중견기업부","4705","-40","-0.84","4690","4740","4605","80700","377753057","110956156525","23582605"
"050110","캠시스","KOSDAQ","중견기업부","881","28","3.28","865","893","845","594805","519909938","65039047958","73824118"
"452300","캡스톤파트너스","KOSDAQ","중견기업부","3580","-55","-1.51","3630","3630","3485","157520","556382347","50480702900","14100755"
"451760","컨텍","KOSDAQ","기술성장기업부","9220","-270","-2.85","9550","9550","9140","26239","242495000","140625247120","15252196"
"900310","컬러레이","KOSDAQ","외국기업(소속부없음)","767","2","0.26","763","767","756","29422","22363963","49119964725","64041675"
"078340","컴투스","KOSDAQ GLOBAL","중견기업부","40200","-700","-1.71","40800","41100","40050","28102","1132721350","512057751000","12737755"
"063080","컴투스홀딩스","KOSDAQ","중견기업부","27150","-2550","-8.59","29750","29900","26600","101905","2774787700","179059462800","6595192"
"307930","컴퍼니케이","KOSDAQ","중견기업부","5980","-130","-2.13","6050","6050","5880","62715","372688180","93347800000","15610000"
"079190","케스피온","KOSDAQ","벤처기업부","510","4","0.79","506","511","502","34515","17507070","19561312140","38355514"
"263700","케어랩스","KOSDAQ","중견기업부","3440","-115","-3.23","3555","3555","3380","44954","154299750","66784848000","19414200"
"214370","케어젠","KOSDAQ","벤처기업부","36500","750","2.10","35100","37250","34850","96615","3507910350","1960597500000","53715000"
"221980","케이디켐","KOSDAQ","우량기업부","11490","90","0.79","11450","11500","11400","812","9278420","46359852000","4034800"
"038530","케이바이오","KOSDAQ","중견기업부","264","5","1.93","261","265","254","894709","232109876","30548587608","115714347"
"001620","케이비아이동국실업","KOSPI",,"497","-2","-0.40","500","500","493","44339","21977401","55312636407","111293031"
"192250","케이사인","KOSDAQ","벤처기업부","11260","-500","-4.25","11780","11800","11200","80123","913581210","79575827500","7067125"
"431190","케이쓰리아이","KOSDAQ","기술성장기업부","5100","0","0.00","5040","5110","4935","56854","284332260","38180854200","7486442"
"029460","케이씨","KOSPI",,"24250","-50","-0.21","24300","24450","23550","29717","711754775","320858127750","13231263"
"115500","케이씨에스","KOSDAQ","중견기업부","10040","-260","-2.52","10380","10380","10010","48067","485775230","120480000000","12000000"
"281820","케이씨텍","KOSPI",,"25900","-500","-1.89","26450","26450","25350","53668","1382795950","535879365700","20690323"
"089150","케이씨티","KOSDAQ","중견기업부","3800","-120","-3.06","3920","3960","3760","110827","422324930","65170000000","17150000"
"025880","케이씨피드","KOSDAQ","우량기업부","2785","-40","-1.42","2825","2825","2765","78075","217179970","46553664530","16715858"
"093320","케이아이엔엑스","KOSDAQ","우량기업부","93200","-3300","-3.42","96200","97000","92600","33072","3099604350","454816000000","4880000"
"093640","케이알엠","KOSDAQ","투자주의환기종목(소속부없음)","4050","70","1.76","4050","4055","3900","38016","152036880","132126596550","32623851"
"073010","케이에스피","KOSDAQ","우량기업부","4220","-135","-3.10","4360","4360","4170","259892","1097253335","169607075000","40191250"
"105330","케이엔더블유","KOSDAQ","중견기업부","4650","-10","-0.21","4670","4680","4490","22818","104024036","74679130200","16060028"
"053080","케이엔솔","KOSDAQ","우량기업부","12290","-210","-1.68","12540","12540","12090","31386","382529925","159767628030","12999807"
"199430","케이엔알시스템","KOSDAQ","기술성장기업부","11030","-480","-4.17","11510","11510","10900","323166","3575893690","119926024390","10872713"
"432470","케이엔에스","KOSDAQ","벤처기업부","10370","110","1.07","10320","10380","10190","8565","87966930","90961035720","8771556"
"272110","케이엔제이","KOSDAQ","우량기업부","17250","-620","-3.47","17920","17990","17100","35208","609673760","138438063750","8025395"
"039420","케이엘넷","KOSDAQ","중견기업부","3045","15","0.50","3020","3060","2970","197287","593042632","73551152850","24154730"
"083550","케이엠","KOSDAQ","중견기업부","3060","-10","-0.33","3055","3095","3030","16766","51343190","39629714220","12950887"
"032500","케이엠더블유","KOSDAQ","중견기업부","12940","-330","-2.49","13270","13500","12750","78680","1020247725","515282226020","39820883"
"225430","케이엠제약","KOSDAQ","벤처기업부","612","4","0.66","608","620","605","49366","30055462","17066874600","27887050"
"102370","케이옥션","KOSDAQ","기술성장기업부","4415","-220","-4.75","4605","4610","4380","644278","2870939607","120216962150","27229210"
"068100","케이웨더","KOSDAQ","기술성장기업부","3660","25","0.69","3625","3840","3585","158369","587689327","36378987240","9939614"
"106080","케이이엠텍","KOSDAQ","중견기업부","2140","-80","-3.60","2210","2210","2085","370268","783106104","53789895100","25135465"
"455180","케이지에이","KOSDAQ","벤처기업부","5020","-150","-2.90","5170","5260","5000","196945","996028940","60712743440","12094172"
"381970","케이카","KOSPI",,"15340","220","1.46","15180","15380","15030","105408","1605312565","739112999820","48182073"
"145270","케이탑리츠","KOSPI",,"956","1","0.10","954","960","946","94263","89903891","45946099944","48060774"
"036030","케이티알파","KOSDAQ","우량기업부","5200","-100","-1.89","5300","5300","5160","49054","255159160","254900271600","49019283"
"064820","케이프","KOSDAQ","우량기업부","6190","-130","-2.06","6320","6320","6000","215099","1321280590","191281696320","30901728"
"024880","케이피에프","KOSDAQ","우량기업부","4855","-95","-1.92","4950","4990","4800","75507","365239145","100414984290","20682798"
"042040","케이피엠테크","KOSDAQ","중견기업부","277","-3","-1.07","279","281","272","1122774","308417075","53844677686","194385118"
"054410","케이피티유","KOSDAQ","중견기업부","3720","25","0.68","3695","3790","3695","1122","4176410","21302371680","5726444"
"258610","케일럼","KOSDAQ","중견기업부","1950","0","0.00","1952","1978","1869","45099","86695804","52234909350","26787133"
"274090","켄코아에어로스페이스","KOSDAQ","기술성장기업부","12360","-450","-3.51","12850","12850","12280","82076","1019710380","161974710000","13104750"
"402420","켈스","KONEX","일반기업부","4000","240","6.38","4000","4000","4000","5","20000","8906160000","2226540"
"089010","켐트로닉스","KOSDAQ","우량기업부","22500","-300","-1.32","22850","22900","22200","99802","2233617775","345022785000","15334346"
"220260","켐트로스","KOSDAQ","우량기업부","4650","-15","-0.32","4715","4715","4595","51926","240194295","123496127550","26558307"
"176590","코나솔","KONEX","일반기업부","6050","0","0.00","6050","6050","5800","1208","7201230","35231164650","5823333"
"052400","코나아이","KOSDAQ","우량기업부","60600","-1600","-2.57","63200","64100","60200","136060","8370242200","882535434600","14563291"
"402030","코난테크놀로지","KOSDAQ","기술성장기업부","40950","-350","-0.85","41650","42100","40050","82676","3394689875","469585443600","11467288"
"391710","코닉오토메이션","KOSDAQ","벤처기업부","1610","-30","-1.83","1688","1688","1595","45105","72532082","67724788460","42065086"
"046070","코다코","KOSDAQ","관리종목(소속부없음)","10280","0","0.00","0","0","0","0","0","159196994920","15486089"
"047770","코데즈컴바인","KOSDAQ","중견기업부","1860","-26","-1.38","1876","1876","1836","56105","103889980","70387239720","37842602"
"080530","코디","KOSDAQ","중견기업부","1611","-8","-0.49","1600","1689","1594","123976","203360971","73996460055","45932005"
"417310","코람코더원리츠","KOSPI",,"5380","-10","-0.19","5390","5390","5320","29178","156305375","217352000000","40400000"
"357120","코람코라이프인프라리츠","KOSPI",,"4445","25","0.57","4460","4470","4430","56734","252173287","432655648530","97335354"
"104540","코렌텍","KOSDAQ","기술성장기업부","5850","-230","-3.78","6080","6080","5770","34249","200253040","74796579000","12785740"
"027050","코리아나","KOSDAQ","중견기업부","2790","-15","-0.53","2835","3020","2775","3618644","10462372240","111600000000","40000000"
"007815","코리아써우","KOSPI",,"5800","-120","-2.03","5920","5920","5700","436","2515220","17195202000","2964690"
"007810","코리아써키트","KOSPI",,"11100","-140","-1.25","11240","11280","10880","34164","376131280","262190336100","23620751"
"00781K","코리아써키트2우B","KOSPI",,"5530","0","0.00","5530","5530","5400","49","270580","4333855470","783699"
"190650","코리아에셋투자증권","KOSDAQ","우량기업부","7630","-540","-6.61","7720","7720","7540","68186","518552295","48740440000","6388000"
"123410","코리아에프티","KOSDAQ","우량기업부","4920","85","1.76","4840","4920","4770","134989","655038224","136978034880","27841064"
"003690","코리안리","KOSPI",,"10110","-80","-0.79","10230","10240","10020","161810","1637078310","1969640623410","194821031"
"036690","코맥스","KOSDAQ","관리종목(소속부없음)","2885","0","0.00","0","0","0","0","0","45885746130","15904938"
"049430","코메론","KOSDAQ","우량기업부","10230","-120","-1.16","10380","10380","10110","17760","180937080","92561040000","9048000"
"183300","코미코","KOSDAQ GLOBAL","우량기업부","69100","-800","-1.14","69200","70000","68000","48743","3354097950","722833264400","10460684"
"041960","코미팜","KOSDAQ","벤처기업부","5470","-170","-3.01","5630","5670","5440","73926","406978085","396493688450","72485135"
"089890","코세스","KOSDAQ","우량기업부","7040","-160","-2.22","7200","7200","7000","44461","313569790","116758132480","16584962"
"360350","코셈","KOSDAQ","기술성장기업부","8060","-120","-1.47","8180","8200","7980","7203","57791820","45982058200","5704970"
"189350","코셋","KONEX","일반기업부","1400","0","0.00","0","0","0","0","0","6720000000","4800000"
"082660","코스나인","KOSDAQ","관리종목(소속부없음)","480","0","0.00","0","0","0","0","0","47827617120","99640869"
"192820","코스맥스","KOSPI",,"263500","-13500","-4.87","276500","279500","260000","117290","31113132000","2990595621500","11349509"
"044820","코스맥스비티아이","KOSPI",,"18610","-810","-4.17","19500","19500","18330","30426","565996075","178728969810","9603921"
"222040","코스맥스엔비티","KOSDAQ","중견기업부","4880","-75","-1.51","4955","4955","4675","30326","146733535","100664640000","20628000"
"241710","코스메카코리아","KOSDAQ","우량기업부","60700","200","0.33","61800","64000","59800","142537","8786825050","648276000000","10680000"
"005070","코스모신소재","KOSPI",,"34100","-350","-1.02","34400","34500","33600","111640","3789135850","1108616779600","32510756"
"005420","코스모화학","KOSPI",,"15130","80","0.53","14900","15160","14740","101783","1520086055","581116489640","38408228"
"355150","코스텍시스","KOSDAQ","벤처기업부","12610","260","2.11","12390","12800","12110","148018","1853829750","98324583500","7797350"
"169670","코스텍시스템","KONEX","일반기업부","7800","-190","-2.38","8200","8200","7800","6","47400","22373527800","2868401"
"071950","코아스","KOSPI",,"9060","60","0.67","9310","9310","8910","8937","80295220","29813923200","3290720"
"166480","코아스템켐온","KOSDAQ","벤처기업부","2975","310","11.63","2670","3025","2655","942712","2740971666","97789368600","32870376"
"045970","코아시아","KOSDAQ","중견기업부","3655","-130","-3.43","3785","3785","3625","53410","195959302","96180871780","26314876"
"196450","코아시아씨엠","KOSDAQ","중견기업부","687","10","1.48","678","687","670","39457","26874516","31134552834","45319582"
"384470","코어라인소프트","KOSDAQ","기술성장기업부","5440","-160","-2.86","5670","5670","5390","229260","1256675725","97599388160","17941064"
"002020","코오롱","KOSPI",,"51600","-1900","-3.55","53200","54300","49650","344205","17792481800","651523581600","12626426"
"138490","코오롱ENP","KOSPI",,"6800","0","0.00","6850","6860","6670","34166","230044610","258400000000","38000000"
"003070","코오롱글로벌","KOSPI",,"10650","230","2.21","10860","10860","10050","81588","853149000","201633393450","18932713"
"003075","코오롱글로벌우","KOSPI",,"16490","110","0.67","17000","17000","16300","3172","52425300","12214753130","740737"
"450140","코오롱모빌리티그룹","KOSPI",,"2440","-30","-1.21","2425","2450","2375","294942","712571956","153176490000","62777250"
"45014K","코오롱모빌리티그룹우","KOSPI",,"3985","-145","-3.51","4150","4150","3900","41676","165673500","9787638200","2456120"
"102940","코오롱생명과학","KOSDAQ","중견기업부","35300","-50","-0.14","35350","36000","34450","48126","1703202650","438545561100","12423387"
"002025","코오롱우","KOSPI",,"25850","-850","-3.18","26700","27000","25150","17875","464126975","27824681500","1076390"
"120110","코오롱인더","KOSPI",,"45900","800","1.77","45800","46050","44100","273235","12311249625","1263126276900","27519091"
"120115","코오롱인더우","KOSPI",,"24150","-50","-0.21","24450","24450","23750","17763","426161000","66843819000","2767860"
"950160","코오롱티슈진","KOSDAQ","외국기업(소속부없음)","42300","800","1.93","41500","42850","40800","207035","8691261500","3451720396500","81600955"
"021240","코웨이","KOSPI",,"100500","2700","2.76","96400","101700","95400","151143","15146581600","7226867866500","71909133"
"033290","코웰패션","KOSDAQ","중견기업부","2265","10","0.44","2255","2280","2235","88546","199146100","127194021765","56156301"
"056360","코위버","KOSDAQ","벤처기업부","5600","-20","-0.36","5620","5660","5480","54990","304918270","54862080000","9796800"
"282880","코윈테크","KOSDAQ","우량기업부","12060","-50","-0.41","12130","12130","11940","13137","157698390","138320602200","11469370"
"121850","코이즈","KOSDAQ","벤처기업부","886","3","0.34","883","891","850","125583","109891465","27124159050","30614175"
"448710","코츠테크놀로지","KOSDAQ","벤처기업부","23400","-550","-2.30","24200","24450","23050","74774","1757536325","123097782600","5260589"
"126730","코칩","KOSDAQ","벤처기업부","12500","180","1.46","12320","12600","12120","75608","934988835","106293250000","8503460"
"015710","코콤","KOSDAQ","중견기업부","4265","5","0.12","4235","4300","4185","37530","158894645","74767582500","17530500"
"052330","코텍","KOSDAQ","우량기업부","9150","-30","-0.33","9340","9350","9070","22603","206546660","153482621550","16774057"
"322780","코퍼스코리아","KOSDAQ","중견기업부","1234","-52","-4.04","1250","1256","1151","283036","345099403","46808844442","37932613"
"036420","콘텐트리중앙","KOSPI",,"11520","-260","-2.21","11800","11950","11190","113672","1296160945","221901788160","19262308"
"200130","콜마비앤에이치","KOSDAQ GLOBAL","우량기업부","14900","120","0.81","14800","15030","14750","47856","713146590","438291814200","29415558"
"024720","콜마홀딩스","KOSPI",,"16880","-530","-3.04","17440","17850","16880","347662","6041381400","578920851920","34296259"
"294570","쿠콘","KOSDAQ","우량기업부","28950","-300","-1.03","29400","29450","28300","111816","3230461400","296873130750","10254685"
"192400","쿠쿠홀딩스","KOSPI",,"31100","150","0.48","30950","31350","29900","19834","611764575","1105983953500","35562185"
"284740","쿠쿠홈시스","KOSPI",,"26500","400","1.53","26100","26650","25850","45404","1196021350","594589245000","22437330"
"317690","퀀타매트릭스","KOSDAQ","기술성장기업부","3280","-100","-2.96","3380","3380","3230","82499","269989950","59513267920","18144289"
"227100","퀀텀온","KOSDAQ","관리종목(소속부없음)","612","0","0.00","0","0","0","0","0","14770119384","24134182"
"432720","퀄리타스반도체","KOSDAQ","기술성장기업부","14550","210","1.46","14300","14560","14000","72395","1026009650","204244344600","14037412"
"456190","큐라켐","KONEX","일반기업부","8000","0","0.00","0","0","0","0","0","14034288000","1754286"
"365270","큐라클","KOSDAQ","기술성장기업부","5130","-160","-3.02","5290","5300","5040","51202","263917305","71866965150","14009155"
"348080","큐라티스","KOSDAQ","투자주의환기종목(소속부없음)","887","-3","-0.34","897","898","872","150641","132731447","65516360368","73862864"
"086460","큐러블","KONEX","일반기업부","1454","0","0.00","0","0","0","0","0","4273887600","2939400"
"060280","큐렉소","KOSDAQ","중견기업부","9490","-200","-2.06","9720","9720","9390","139620","1325440125","389944005100","41089990"
"372320","큐로셀","KOSDAQ","기술성장기업부","29800","-250","-0.83","30150","30350","29200","46592","1380512400","426842713800","14323581"
"051780","큐로홀딩스","KOSDAQ","중견기업부","877","13","1.50","864","950","846","155110","137148331","20383448865","23242245"
"115180","큐리언트","KOSDAQ","벤처기업부","12410","-490","-3.80","12960","12960","12150","143266","1774873810","432048093920","34814512"
"445680","큐리옥스바이오시스템즈","KOSDAQ","기술성장기업부","41125","-175","-0.42","41050","42000","39600","89416","3641379475","664687007250","16162602"
"182360","큐브엔터","KOSDAQ","우량기업부","16840","-170","-1.00","17080","17300","16700","50718","856353615","252641931600","15002490"
"405100","큐알티","KOSDAQ","우량기업부","13400","-260","-1.90","13670","13690","13230","21557","288599860","164676633400","12289301"
"066310","큐에스아이","KOSDAQ","벤처기업부","8360","-40","-0.48","8440","8440","8200","29318","242478590","77510751560","9271621"
"136660","큐엠씨","KONEX","일반기업부","1400","0","0.00","1500","1500","1400","196","279000","3305330000","2360950"
"016600","큐캐피탈","KOSDAQ","벤처기업부","290","-3","-1.02","291","293","288","194690","56525754","51691662480","178247112"
"355390","크라우드웍스","KOSDAQ","기술성장기업부","10500","-90","-0.85","10530","10720","10050","212322","2185060040","97733097000","9307914"
"264900","크라운제과","KOSPI",,"9560","460","5.05","9350","9920","9170","405774","3872576330","119728006000","12523850"
"26490K","크라운제과우","KOSPI",,"10370","100","0.97","10360","10640","10190","20942","217318665","8021817200","773560"
"005740","크라운해태홀딩스","KOSPI",,"9700","-80","-0.82","10000","10210","9320","1494102","14623986295","144019265900","14847347"
"005745","크라운해태홀딩스우","KOSPI",,"9720","-480","-4.71","10060","10060","9480","25261","242627930","5839056720","600726"
"259960","크래프톤","KOSPI",,"358000","-4000","-1.10","360000","366000","356500","56069","20156424500","16965862008000","47390676"
"096240","크레버스","KOSDAQ","우량기업부","13940","-60","-0.43","14090","14090","13920","15759","219849665","155266229200","11138180"
"040350","크레오에스지","KOSDAQ","벤처기업부","536","-14","-2.55","550","554","516","442029","234027077","103558053128","193205323"
"215570","크로넥스","KONEX","일반기업부","440","-10","-2.22","440","440","440","853","375320","2234345080","5078057"
"110790","크리스에프앤씨","KOSDAQ","우량기업부","5070","-80","-1.55","5190","5200","5020","74510","379446905","118794967200","23430960"
"900250","크리스탈신소재","KOSDAQ","외국기업(소속부없음)","882","-1","-0.11","883","885","872","337727","295818779","115224483528","130640004"
"045520","크린앤사이언스","KOSDAQ","중견기업부","4405","30","0.69","4375","4495","4375","13024","57533280","28632500000","6500000"
"214150","클래시스","KOSDAQ GLOBAL","우량기업부","62200","300","0.48","61600","63300","61300","146655","9106918550","4074451989800","65505659"
"466100","클로봇","KOSDAQ","기술성장기업부","19420","-780","-3.86","20150","20150","19190","577618","11299669965","478729003380","24651339"
"237880","클리오","KOSDAQ","우량기업부","16180","-10","-0.06","16220","16380","16080","76168","1232282060","292394491540","18071353"
"139670","키네마스터","KOSDAQ","중견기업부","2600","-65","-2.44","2700","2705","2580","17550","45863560","36708906000","14118810"
"020120","키다리스튜디오","KOSPI",,"3910","10","0.26","3890","3915","3810","253663","976707923","144919325060","37063766"
"475430","키스트론","KOSDAQ","중견기업부","5740","-400","-6.51","5900","5980","5720","343133","2008596620","102448151400","17848110"
"487720","키움제10호스팩","KOSDAQ","SPAC(소속부없음)","2110","0","0.00","2105","2110","2105","37","77985","8925300000","4230000"
"489480","키움제11호스팩","KOSDAQ","SPAC(소속부없음)","2100","15","0.72","2080","2110","2080","275","575735","13860000000","6600000"
"446840","키움제8호스팩","KOSDAQ","SPAC(소속부없음)","2200","-30","-1.35","2230","2240","2185","50252","110956870","12936000000","5880000"
"039490","키움증권","KOSPI",,"221000","-13500","-5.76","235000","236500","219500","154101","34456590500","5534546537000","25043197"
"054780","키이스트","KOSDAQ","중견기업부","4320","-45","-1.03","4325","4395","4240","97012","415261060","84446465760","19547793"
"256940","킵스파마","KOSDAQ","벤처기업부","17760","-440","-2.42","18200","18280","17500","153654","2733762075","356587890720","20078147"
"336040","타스컴","KONEX","일반기업부","4300","25","0.58","4275","4300","4275","4","17125","20143496200","4684534"
"219130","타이거일렉","KOSDAQ","중견기업부","11860","-150","-1.25","12010","12050","11700","113732","1338188760","74887479400","6314290"
"346010","타이드","KONEX","일반기업부","1100","0","0.00","0","0","0","0","0","5346068200","4860062"
"318660","타임기술","KONEX","일반기업부","2705","5","0.19","2500","2705","2300","1495","3595270","5821433205","2152101"
"476710","타조엔터테인먼트","KONEX","일반기업부","14350","0","0.00","0","0","0","0","0","14350000000","1000000"
"434190","탈로스","KONEX","일반기업부","5790","0","0.00","5790","5790","5790","1","5790","42669022860","7369434"
"336680","탑런토탈솔루션","KOSDAQ","중견기업부","4035","-35","-0.86","4100","4100","3980","81076","325346336","157952326530","39145558"
"360070","탑머티리얼","KOSDAQ","우량기업부","23500","-250","-1.05","23800","24000","23200","17298","404931575","191373260500","8143543"
"180060","탑선","KONEX","일반기업부","7000","20","0.29","7170","7170","6810","126897","889082000","65433662000","9347666"
"065130","탑엔지니어링","KOSDAQ","중견기업부","3825","-10","-0.26","3840","3860","3750","23313","88107735","62464093650","16330482"
"134580","탑코미디어","KOSDAQ","중견기업부","1791","15","0.84","1776","1803","1753","14109","25061707","88285820859","49294149"
"014580","태경비케이","KOSPI",,"4835","75","1.58","4760","4865","4680","125166","598359565","133364288500","27583100"
"015890","태경산업","KOSPI",,"5280","20","0.38","5290","5320","5180","36134","188748300","154327800000","29228750"
"006890","태경케미컬","KOSPI",,"11710","370","3.26","11370","11940","11280","324689","3794355650","135836000000","11600000"
"023160","태광","KOSDAQ","우량기업부","19470","-1630","-7.73","21000","21000","19210","470124","9212159405","515955000000","26500000"
"003240","태광산업","KOSPI",,"1023000","-32000","-3.03","1033000","1035000","995000","2860","2890030000","1139008200000","1113400"
"011280","태림포장","KOSPI",,"2100","-25","-1.18","2130","2130","2080","43283","90780470","148692474000","70805940"
"323280","태성","KOSDAQ","중견기업부","26900","100","0.37","26650","27000","26300","130592","3464916425","820469637000","30500730"
"053620","태양","KOSDAQ","우량기업부","6900","20","0.29","6880","6920","6840","4044","27821950","59340000000","8600000"
"052960","태양3C","KONEX","일반기업부","3095","0","0.00","3095","3095","3000","712","2137140","15125506410","4887078"
"004100","태양금속","KOSPI",,"2660","-15","-0.56","2680","2695","2630","259187","688951461","97622000000","36700000"
"004105","태양금속우","KOSPI",,"3765","5","0.13","3790","3845","3730","17792","67200430","12424500000","3300000"
"116100","태양기계","KONEX","일반기업부","860","0","0.00","860","860","860","1","860","6398387960","7439986"
"009410","태영건설","KOSPI",,"2850","-25","-0.87","2875","2875","2780","86362","243648184","839233440900","294467874"
"009415","태영건설우","KOSPI",,"5820","70","1.22","5820","5840","5740","2458","14274660","3782848680","649974"
"044490","태웅","KOSDAQ","우량기업부","30250","250","0.83","30400","30850","28650","513060","15278037625","605223275250","20007381"
"124560","태웅로직스","KOSDAQ","우량기업부","3020","-10","-0.33","3050","3075","2985","434504","1315370145","114508083680","37916584"
"001420","태원물산","KOSPI",,"3750","-50","-1.32","3855","4550","3720","199673","817698685","28500000000","7600000"
"191420","테고사이언스","KOSDAQ","벤처기업부","17690","-210","-1.17","17630","17800","17300","5876","102893990","143445273460","8108834"
"073640","테라사이언스","KOSDAQ","관리종목(소속부없음)","654","0","0.00","0","0","0","0","0","69571715580","106378770"
"066700","테라젠이텍스","KOSDAQ","벤처기업부","2955","-40","-1.34","2995","2995","2935","58122","171605590","109785271080","37152376"
"095610","테스","KOSDAQ","우량기업부","25000","-50","-0.20","24900","25200","24200","144156","3560247125","494205650000","19768226"
"055490","테이팩스","KOSPI",,"14250","190","1.35","14090","14290","13890","14277","200562270","67967512500","4769650"
"308700","테크엔","KONEX","일반기업부","199","0","0.00","0","0","0","0","0","1472600000","7400000"
"064520","테크엘","KOSDAQ","중견기업부","2265","-15","-0.66","2300","2300","2235","2480","5591951","50625155430","22351062"
"089030","테크윙","KOSDAQ","중견기업부","31250","-1050","-3.25","32050","32100","31000","463738","14540683750","1167301406250","37353645"
"258050","테크트랜스","KONEX","일반기업부","1352","-238","-14.97","1352","1352","1352","142","191984","13512215184","9994242"
"054450","텔레칩스","KOSDAQ","우량기업부","13540","-200","-1.46","13800","13800","13250","64947","875411415","205052914820","15144233"
"078000","텔코웨어","KOSPI",,"15010","-390","-2.53","15400","15400","14930","13893","209694990","138693555770","9240077"
"200230","텔콘RF제약","KOSDAQ","중견기업부","6240","-260","-4.00","6490","6560","6160","319680","2002347055","75036143520","12025023"
"214420","토니모리","KOSPI",,"10820","-310","-2.79","11270","11380","10670","319515","3475737935","260272925180","24054799"
"393210","토마토시스템","KOSDAQ","기술성장기업부","7130","120","1.71","7050","7560","7000","1194669","8750140715","111331698720","15614544"
"475960","토모큐브","KOSDAQ","기술성장기업부","24600","-750","-2.96","25400","26300","24300","292400","7301229000","324003500400","13170874"
"215480","토박스코리아","KOSDAQ","중견기업부","2370","-15","-0.63","2380","2390","2355","22899","54293225","21756600000","9180000"
"051360","토비스","KOSDAQ","우량기업부","15570","-10","-0.06","15610","15620","15260","63725","982486710","250164093060","16067058"
"045340","토탈소프트","KOSDAQ","벤처기업부","6890","70","1.03","6830","7160","6660","130810","910977640","58964895600","8558040"
"108230","톱텍","KOSDAQ","우량기업부","4110","-15","-0.36","4145","4145","4050","48174","196133715","156275536950","38023245"
"079970","투비소프트","KOSDAQ","관리종목(소속부없음)","596","0","0.00","0","0","0","0","0","6807796888","11422478"
"199800","툴젠","KOSDAQ","기술성장기업부","28700","-300","-1.03","29050","29250","28500","8027","230406400","246319328500","8582555"
"417790","트루엔","KOSDAQ","벤처기업부","9450","-170","-1.77","9620","9680","9400","9054","85586550","103946692500","10999650"
"290090","트윔","KOSDAQ","벤처기업부","8450","20","0.24","8430","8530","8260","1992","16682990","62870264600","7440268"
"026150","특수건설","KOSDAQ","중견기업부","7420","-40","-0.54","7420","7440","7270","63778","467372540","130193776020","17546331"
"464280","티디에스팜","KOSDAQ","중견기업부","10750","10","0.09","10840","10920","10570","29006","308379830","59447500000","5530000"
"117730","티로보틱스","KOSDAQ","벤처기업부","11950","-230","-1.89","12260","12270","11830","95648","1144226725","224445975500","18782090"
"033830","티비씨","KOSDAQ","중견기업부","712","-3","-0.42","715","717","710","62372","44353412","71200000000","100000000"
"057680","티사이언티픽","KOSDAQ","벤처기업부","1246","-49","-3.78","1404","1544","1230","3687470","4906834927","88775632246","71248501"
"204610","티쓰리","KOSDAQ","벤처기업부","2080","10","0.48","2070","2090","2050","183858","380380786","127549177600","61321720"
"125020","티씨머티리얼즈","KOSDAQ","중견기업부","6080","-110","-1.78","6230","6260","5980","573065","3497801945","208105115200","34227815"
"064760","티씨케이","KOSDAQ GLOBAL","우량기업부","104300","-1400","-1.32","104600","105600","102700","15401","1598591350","1217702500000","11675000"
"246710","티앤알바이오팹","KOSDAQ","기술성장기업부","4980","-70","-1.39","5160","5160","4915","54482","270288372","107303203440","21546828"
"340570","티앤엘","KOSDAQ","우량기업부","57400","-900","-1.54","58300","58800","56700","52343","3013194100","466547200000","8128000"
"043220","티에스넥스젠","KOSDAQ","관리종목(소속부없음)","171","0","0.00","0","0","0","0","0","27227331873","159224163"
"277880","티에스아이","KOSDAQ","우량기업부","5260","-50","-0.94","5280","5340","5210","28477","149227340","106284864480","20206248"
"131290","티에스이","KOSDAQ","우량기업부","38800","-200","-0.51","39000","39050","38200","29616","1142548650","429183445200","11061429"
"019180","티에이치엔","KOSPI",,"2900","-20","-0.68","2925","2930","2885","55239","160545475","52200000000","18000000"
"425420","티에프이","KOSDAQ","우량기업부","28100","-400","-1.40","28500","28750","27400","36404","1014692225","319806100000","11381000"
"484810","티엑스알로보틱스","KOSDAQ","중견기업부","15040","-580","-3.71","15670","15680","14960","77988","1184258360","232381761600","15450915"
"131100","티엔엔터테인먼트","KOSDAQ","중견기업부","2130","-5","-0.23","2140","2160","2040","216706","453008778","59742776760","28048252"
"356860","티엘비","KOSDAQ","우량기업부","22250","-400","-1.77","22450","22450","21600","97862","2151562225","218776017500","9832630"
"413300","티엘엔지니어링","KONEX","일반기업부","2700","300","12.50","2700","2700","2700","2","5400","3649090500","1351515"
"363280","티와이홀딩스","KOSPI",,"3820","0","0.00","3870","3875","3705","301899","1141222445","192639803760","50429268"
"36328K","티와이홀딩스우","KOSPI",,"5930","-70","-1.17","6310","6500","5740","68354","408153760","7371073020","1243014"
"321550","티움바이오","KOSDAQ","기술성장기업부","4985","-15","-0.30","5000","5100","4955","44102","221354990","134734176215","27027919"
"091810","티웨이항공","KOSPI",,"2015","5","0.25","2025","2030","2000","527635","1060411687","433988636640","215378976"
"004870","티웨이홀딩스","KOSPI",,"728","-11","-1.49","739","752","723","490660","360007315","82383023632","113163494"
"425040","티이엠씨","KOSDAQ","기술성장기업부","7140","-190","-2.59","7350","7370","7040","78500","563515855","152289645480","21329082"
"241790","티이엠씨씨엔에스","KOSDAQ","우량기업부","7370","50","0.68","7350","7430","7220","42683","312436360","73719412580","10002634"
"022220","티케이지애강","KOSDAQ","중견기업부","911","7","0.77","905","912","900","39389","35723966","47184861469","51794579"
"104480","티케이케미칼","KOSDAQ","우량기업부","1635","25","1.55","1623","1638","1596","102077","164858354","148614034590","90895434"
"081150","티플랙스","KOSDAQ","우량기업부","3315","75","2.31","3250","3320","3240","191601","627737325","80449752630","24268402"
"130740","티피씨글로벌","KOSDAQ","중견기업부","1785","-5","-0.28","1790","1795","1775","11147","19886972","20128872015","11276679"
"217880","틸론","KONEX","일반기업부","2650","40","1.53","2650","2650","2540","1982","5114075","28427318500","10727290"
"084730","팅크웨어","KOSDAQ","우량기업부","8890","-100","-1.11","8990","8990","8820","16481","146077090","98762779360","11109424"
"440110","파두","KOSDAQ","기술성장기업부","13490","-180","-1.32","13600","13630","13130","133630","1780988010","666789291370","49428413"
"034230","파라다이스","KOSPI",,"15150","490","3.34","14800","15230","14660","363259","5418114240","1390340088450","91771623"
"033540","파라텍","KOSDAQ","중견기업부","1300","-14","-1.07","1303","1317","1288","107949","139974706","49076381900","37751063"
"388870","파로스아이바이오","KOSDAQ","기술성장기업부","6360","180","2.91","6360","6400","6070","90859","566922575","82336127520","12945932"
"043200","파루","KOSDAQ","벤처기업부","1597","62","4.04","1555","1745","1555","10151579","16793385604","66761491055","41804315"
"214450","파마리서치","KOSDAQ GLOBAL","우량기업부","466000","-11000","-2.31","470500","483000","460000","83853","39254445750","4897473600000","10509600"
"217950","파마리서치바이오","KONEX","일반기업부","37850","-50","-0.13","37900","38600","36950","1949","72267700","153837199350","4064391"
"208340","파멥신","KOSDAQ","관리종목(소속부없음)","2915","0","0.00","0","0","0","0","0","233786229820","80201108"
"005690","파미셀","KOSPI",,"12350","-840","-6.37","13270","13300","12250","1417651","17807384900","741209505400","60016964"
"177830","파버나인","KOSDAQ","우량기업부","2960","-10","-0.34","2970","2970","2940","18448","54512300","39942094960","13493951"
"037070","파세코","KOSDAQ","중견기업부","9470","1500","18.82","8070","10190","7700","13182357","125884332140","189400000000","20000000"
"150900","파수","KOSDAQ","벤처기업부","5190","-170","-3.17","5380","5380","5140","34336","178712260","60647340180","11685422"
"037030","파워넷","KOSDAQ","우량기업부","2770","-25","-0.89","2795","2825","2725","227032","626364160","60604757980","21878974"
"047310","파워로직스","KOSDAQ","중견기업부","4550","-45","-0.98","4595","4605","4500","105540","479306801","166578935250","36610755"
"266870","파워풀엑스","KONEX","일반기업부","1510","55","3.78","1455","1673","1455","3918","6266509","9677106800","6408680"
"368770","파이버프로","KOSDAQ","벤처기업부","6130","-130","-2.08","6280","6290","6050","89859","550948230","201396399250","32854225"
"170790","파이오링크","KOSDAQ","우량기업부","8440","50","0.60","8470","8470","8260","11629","97018885","57867425200","6856330"
"049120","파인디앤씨","KOSDAQ","벤처기업부","919","-14","-1.50","914","928","895","25423","23039799","47799711736","52012744"
"038950","파인디지털","KOSDAQ","중견기업부","3355","-20","-0.59","3375","3390","3355","1418","4767615","34257116575","10210765"
"387570","파인메딕스","KOSDAQ","기술성장기업부","7130","-130","-1.79","7260","7280","7050","55982","397914800","40112667000","5625900"
"441270","파인엠텍","KOSDAQ","중견기업부","6510","-50","-0.76","6500","6550","6220","347039","2208804390","240791235510","36987901"
"106240","파인테크닉스","KOSDAQ","우량기업부","1042","28","2.76","1014","1044","1000","101947","103975396","17713312280","16999340"
"131760","파인텍","KOSDAQ","벤처기업부","820","-25","-2.96","844","844","815","98261","81209698","35613898060","43431583"
"065690","파커스","KOSDAQ","투자주의환기종목(소속부없음)","1080","8","0.75","1072","1089","1072","13586","14629568","15173277480","14049331"
"140860","파크시스템스","KOSDAQ GLOBAL","우량기업부","290500","8500","3.01","281000","295000","279500","24324","7048508750","2031320378500","6992497"
"091700","파트론","KOSDAQ GLOBAL","우량기업부","6390","-40","-0.62","6400","6410","6340","134565","856342570","364230000000","57000000"
"202960","판도라티비","KONEX","일반기업부","842","22","2.68","820","899","712","6964","5210549","10032920044","11915582"
"032800","판타지오","KOSDAQ","중견기업부","577","1","0.17","577","580","575","43220","24930641","26517222466","45957058"
"318010","팜스빌","KOSDAQ","중견기업부","3815","25","0.66","3800","3890","3800","12885","49223970","30250424470","7929338"
"036580","팜스코","KOSPI",,"2800","-15","-0.53","2815","2815","2715","27175","75035210","102838240400","36727943"
"027710","팜스토리","KOSDAQ","중견기업부","1298","-2","-0.15","1300","1307","1280","256105","330960505","144618746800","111416600"
"004720","팜젠사이언스","KOSPI",,"4335","-20","-0.46","4355","4360","4280","29622","127658450","80239909305","18509783"
"266350","팡스카이","KONEX","일반기업부","398","0","0.00","0","0","0","0","0","4835528860","12149570"
"225590","패션플랫폼","KOSDAQ","우량기업부","994","16","1.64","978","1010","972","68030","67889146","26476892722","26636713"
"054300","팬스타엔터프라이즈","KOSDAQ","벤처기업부","650","-5","-0.76","655","657","636","583321","375320019","75232228500","115741890"
"068050","팬엔터테인먼트","KOSDAQ","중견기업부","2315","-30","-1.28","2315","2350","2255","195745","448632337","64111785940","27694076"
"028670","팬오션","KOSPI",,"3775","-30","-0.79","3815","3820","3725","1277127","4799417488","2017999907800","534569512"
"222110","팬젠","KOSDAQ","기술성장기업부","6130","-70","-1.13","6170","6260","5990","48391","292347410","82719427610","13494197"
"271830","팸텍","KOSDAQ","벤처기업부","1760","3","0.17","1770","1789","1694","156241","271175371","51902755520","29490202"
"010820","퍼스텍","KOSPI",,"3830","-10","-0.26","3845","3850","3740","290197","1098832291","186796522540","48771938"
"016800","퍼시스","KOSPI",,"43700","-300","-0.68","44400","44400","43500","229","10025350","502550000000","11500000"
"263750","펄어비스","KOSDAQ GLOBAL","우량기업부","41700","-900","-2.11","42450","43100","41550","109498","4591288600","2679135553500","64247855"
"251970","펌텍코리아","KOSDAQ","우량기업부","59700","-700","-1.16","61600","62400","58600","39082","2332867950","740280000000","12400000"
"001020","페이퍼코리아","KOSPI",,"740","-5","-0.67","745","745","724","31808","23122762","131707651620","177983313"
"327610","펨토바이오메드","KONEX","일반기업부","5280","-10","-0.19","5280","5280","5280","1","5280","45070534080","8536086"
"168360","펨트론","KOSDAQ","우량기업부","13310","-240","-1.77","13420","13420","12810","186366","2446055145","283347060040","21288284"
"087010","펩트론","KOSDAQ","기술성장기업부","191100","-3900","-2.00","194900","196600","187800","100653","19203509050","4452123585000","23297350"
"090080","평화산업","KOSPI",,"1083","11","1.03","1072","1086","1065","345764","371793423","59459146497","54902259"
"010770","평화홀딩스","KOSPI",,"5265","125","2.43","5140","5290","5080","325773","1694955645","77003078490","14625466"
"064800","포니링크","KOSDAQ","중견기업부","1159","-13","-1.11","1178","1189","1148","240583","278791486","148128658382","127807298"
"119500","포메탈","KOSDAQ","중견기업부","3095","-10","-0.32","3105","3110","3060","74106","228216225","36667183040","11847232"
"389140","포바이포","KOSDAQ","벤처기업부","13610","-380","-2.72","14050","14130","13400","171926","2348358380","152020093350","11169735"
"105760","포스뱅크","KOSDAQ","벤처기업부","6930","-70","-1.00","7070","7070","6860","34419","237381165","66915005850","9655845"
"022100","포스코DX","KOSPI",,"23550","-450","-1.88","23850","24000","23300","271142","6371233475","3580417867950","152034729"
"058430","포스코스틸리온","KOSPI",,"39600","-350","-0.88","40100","40100","39000","6486","255290850","237600000000","6000000"
"009520","포스코엠텍","KOSDAQ GLOBAL","우량기업부","11560","-40","-0.34","11600","11600","11400","47287","542776180","481389646680","41642703"
"047050","포스코인터내셔널","KOSPI",,"48850","-300","-0.61","49150","49150","48400","251706","12249421750","8593828193800","175922788"
"003670","포스코퓨처엠","KOSPI",,"125200","200","0.16","123200","126300","122800","148485","18457591000","9698395144000","77463220"
"189690","포시에스","KOSDAQ","벤처기업부","2420","-20","-0.82","2490","2515","2375","719546","1764828270","66119164980","27321969"
"318020","포인트모바일","KOSDAQ","벤처기업부","4980","-180","-3.49","5170","5400","4800","58220","294123515","63058114560","12662272"
"256630","포인트엔지니어링","KOSDAQ","벤처기업부","1163","-15","-1.27","1182","1185","1162","28710","33607339","67450594736","57997072"
"331380","포커스에이아이","KOSDAQ","투자주의환기종목(소속부없음)","2295","120","5.52","2175","2325","2090","569360","1249588891","52154912340","22725452"
"208710","포톤","KOSDAQ","중견기업부","2440","-15","-0.61","2455","2455","2380","28491","68281384","32159522080","13180132"
"472850","폰드그룹","KOSDAQ","중견기업부","11880","-260","-2.14","12200","12250","11750","114696","1368223320","384245924040","32343933"
"039980","폴라리스AI","KOSDAQ","중견기업부","2720","-105","-3.72","2820","2820","2700","1037459","2837011586","197733294080","72696064"
"041910","폴라리스AI파마","KOSDAQ","중견기업부","7670","-120","-1.54","7880","7880","7530","54043","412011740","103557325690","13501607"
"234100","폴라리스세원","KOSDAQ","우량기업부","1443","-20","-1.37","1466","1562","1435","5139608","7725610949","94551600975","65524325"
"041020","폴라리스오피스","KOSDAQ","벤처기업부","6200","-320","-4.91","6310","6350","6110","599646","3709995735","308298087600","49725498"
"114630","폴라리스우노","KOSDAQ","우량기업부","532","-2","-0.37","534","545","523","465860","248361142","46788095536","87947548"
"290720","푸드나무","KOSDAQ","관리종목(소속부없음)","2200","-45","-2.00","2345","2345","2160","16134","35811695","53965837200","24529926"
"005670","푸드웰","KOSDAQ","우량기업부","5570","120","2.20","5490","5900","5400","125816","712338960","55700000000","10000000"
"094940","푸른기술","KOSDAQ","벤처기업부","8370","-70","-0.83","8440","8440","8200","63779","528871010","69984800820","8361386"
"057880","푸른소나무","KOSDAQ","관리종목(소속부없음)","8790","0","0.00","0","0","0","0","0","216061434720","24580368"
"007330","푸른저축은행","KOSDAQ","우량기업부","9370","-30","-0.32","9450","9450","9220","19246","179248630","141325836000","15082800"
"017810","풀무원","KOSPI",,"12310","20","0.16","12380","12450","12160","71182","874908110","469263872020","38120542"
"093380","풍강","KOSDAQ","중견기업부","2650","5","0.19","2660","2660","2625","9672","25486715","26180179450","9879313"
"023900","풍국주정","KOSDAQ","우량기업부","9330","40","0.43","9440","9440","9240","8652","80314110","117558000000","12600000"
"103140","풍산","KOSPI",,"114500","-9200","-7.44","124100","127000","112600","548468","63830007350","3208779831000","28024278"
"005810","풍산홀딩스","KOSPI",,"48450","-2950","-5.74","51400","51600","47150","195892","9507243350","698517797400","14417292"
"371950","풍원정밀","KOSDAQ","기술성장기업부","10120","-80","-0.78","10350","10380","10040","14875","150506840","212929738560","21040488"
"370090","퓨런티어","KOSDAQ","기술성장기업부","15120","-280","-1.82","15170","15250","14990","44772","674686490","129379269600","8556830"
"445180","퓨릿","KOSDAQ","중견기업부","6360","-140","-2.15","6550","6550","6290","38888","247040730","108369235680","17039188"
"151910","퓨처코어","KOSDAQ","관리종목(소속부없음)","640","0","0.00","0","0","0","0","0","121645902080","190071722"
"341170","퓨쳐메디신","KONEX","일반기업부","2170","0","0.00","2155","2200","2155","1922","4181300","22857054850","10533205"
"220100","퓨쳐켐","KOSDAQ","기술성장기업부","15300","-120","-0.78","15400","15890","14900","147887","2255527730","338162971500","22102155"
"035200","프럼파스트","KOSDAQ","벤처기업부","3480","5","0.14","3480","3515","3425","48799","169152055","33862453200","9730590"
"334970","프레스티지바이오로직스","KOSDAQ","기술성장기업부","3790","-50","-1.30","3860","3910","3700","259987","982685749","294682494230","77752637"
"950210","프레스티지바이오파마","KOSPI",,"17100","-140","-0.81","17060","18480","16670","561916","9735270685","1027644250500","60096155"
"321260","프로이천","KOSDAQ","벤처기업부","2115","-20","-0.94","2135","2135","2080","48916","102436910","59626257660","28192084"
"296160","프로젠","KONEX","일반기업부","6960","40","0.58","6920","7090","6870","4655","32364320","99459743280","14290193"
"053610","프로텍","KOSDAQ","우량기업부","24550","-400","-1.60","24700","24700","24200","11028","269055600","270050000000","11000000"
"303360","프로티아","KOSDAQ","기술성장기업부","3055","-25","-0.81","3095","3095","3035","3883","11865035","39339891825","12877215"
"377220","프롬바이오","KOSDAQ","기술성장기업부","2060","-90","-4.19","2150","2150","2045","287401","595846307","58318600000","28310000"
"335810","프리시젼바이오","KOSDAQ","기술성장기업부","2955","-125","-4.06","3080","3080","2800","80290","235787680","34320924330","11614526"
"053160","프리엠스","KOSDAQ","중견기업부","8390","-50","-0.59","8360","8440","8160","20791","172119660","50340000000","6000000"
"405000","플라즈맵","KOSDAQ","관리종목(소속부없음)","8750","-80","-0.91","9000","9000","8600","2379","20725520","33586385000","3838444"
"041590","플래스크","KOSDAQ","관리종목(소속부없음)","2370","0","0.00","0","0","0","0","0","116064014460","48972158"
"367000","플래티어","KOSDAQ","벤처기업부","4670","10","0.21","4650","4920","4600","2624","12494120","39172926690","8388207"
"075130","플랜티넷","KOSDAQ","벤처기업부","2985","-10","-0.33","3020","3055","2930","184800","552003211","49617625200","16622320"
"222670","플럼라인생명과학","KONEX","일반기업부","6880","-120","-1.71","6990","6990","6800","561","3865190","25218667520","3665504"
"009810","플레이그램","KOSPI",,"333","0","0.00","334","334","326","152198","50120001","50578537500","151887500"
"237820","플레이디","KOSDAQ","중견기업부","5170","-60","-1.15","5230","5230","5100","30146","155062230","66316313800","12827140"
"023770","플레이위드","KOSDAQ","중견기업부","3160","-50","-1.56","3190","3225","3130","27092","85632875","27703151200","8766820"
"019570","플루토스","KOSDAQ","중견기업부","302","2","0.67","300","305","296","252298","75877545","19723632684","65310042"
"300080","플리토","KOSDAQ","기술성장기업부","12090","-210","-1.71","12230","12230","11550","47019","555701085","66516967530","5501817"
"033790","피노","KOSDAQ","중견기업부","4090","10","0.25","4100","4130","3940","59291","238715985","93345252000","22822800"
"032580","피델릭스","KOSDAQ","중견기업부","1202","-8","-0.66","1206","1217","1191","92522","110782393","39824740928","33132064"
"051380","피씨디렉트","KOSDAQ","중견기업부","2355","20","0.86","2380","2380","2320","17259","40309190","36125869560","15340072"
"241820","피씨엘","KOSDAQ","관리종목(소속부없음)","302","0","0.00","0","0","0","0","0","17869934034","59171967"
"452450","피아이이","KOSDAQ","벤처기업부","9120","-330","-3.49","9480","9560","8980","467662","4312105580","326733120000","35826000"
"237750","피앤씨테크","KOSDAQ","벤처기업부","4605","-30","-0.65","4685","4730","4550","145885","676953967","29916843000","6496600"
"460940","피앤에스로보틱스","KOSDAQ","기술성장기업부","14670","-900","-5.78","15770","15900","14520","121822","1828814970","94940425800","6471740"
"319660","피에스케이","KOSDAQ GLOBAL","우량기업부","19180","-70","-0.36","19340","19360","18780","132859","2524470790","555581574520","28966714"
"031980","피에스케이홀딩스","KOSDAQ","우량기업부","33950","-850","-2.44","34800","35150","33700","104364","3559839925","732043310250","21562395"
"002230","피에스텍","KOSDAQ","중견기업부","4165","-55","-1.30","4220","4245","4165","7698","32313095","80275460300","19273820"
"043370","피에이치에이","KOSDAQ","우량기업부","11150","0","0.00","11290","12050","11030","48433","546402300","234150000000","21000000"
"239890","피엔에이치테크","KOSDAQ","기술성장기업부","5220","-40","-0.76","5300","5300","5160","19032","98959900","51864641100","9935755"
"347740","피엔케이피부임상연구센타","KOSDAQ","벤처기업부","2825","-80","-2.75","2895","2920","2795","56266","159039798","84779877200","30010576"
"137400","피엔티","KOSDAQ GLOBAL","우량기업부","31050","-250","-0.80","31050","31350","30700","89643","2769502150","737222820300","23743086"
"257370","피엔티엠에스","KOSDAQ","벤처기업부","3315","-135","-3.91","3445","3445","3265","47908","158690435","41453614215","12504861"
"147760","피엠티","KOSDAQ","벤처기업부","2235","-25","-1.11","2265","2385","2230","14240","32270877","24182400510","10819866"
"128660","피제이메탈","KOSDAQ","중견기업부","3045","-10","-0.33","3040","3060","3015","41351","125292040","75526258605","24803369"
"006140","피제이전자","KOSDAQ","우량기업부","6060","-50","-0.82","6120","6210","5990","22793","137254710","90900000000","15000000"
"376180","피코그램","KOSDAQ","벤처기업부","3510","-215","-5.77","3535","3675","3460","2080651","7395295564","65149243380","18561038"
"304840","피플바이오","KOSDAQ","기술성장기업부","2445","30","1.24","2440","2480","2325","57882","139105660","51903220395","21228311"
"087600","픽셀플러스","KOSDAQ","벤처기업부","7120","-30","-0.42","7140","7270","7040","4790","33883250","58145892960","8166558"
"291810","핀텔","KOSDAQ","기술성장기업부","2605","25","0.97","2555","2640","2530","41532","107284055","29586839760","11357712"
"378340","필에너지","KOSDAQ","벤처기업부","12780","-110","-0.85","12950","12950","12690","36528","465330060","273209331960","21377882"
"161580","필옵틱스","KOSDAQ","중견기업부","36450","-650","-1.75","37200","37350","36000","191558","6959620750","834184931400","22885732"
"347770","핌스","KOSDAQ","중견기업부","1468","-19","-1.28","1487","1520","1452","21896","32154990","33554137656","22857042"
"163730","핑거","KOSDAQ","벤처기업부","12330","-510","-3.97","12860","12950","12260","135155","1683691850","115477946640","9365608"
"417180","핑거스토리","KOSDAQ","중견기업부","2675","-70","-2.55","2790","2790","2660","197762","533369179","44983359075","16816209"
"446750","하나26호스팩","KOSDAQ","SPAC(소속부없음)","2085","-10","-0.48","2090","2095","2085","8191","17079520","12572550000","6030000"
"448370","하나27호스팩","KOSDAQ","SPAC(소속부없음)","2105","5","0.24","2125","2125","2105","2687","5687500","11830100000","5620000"
"454750","하나28호스팩","KOSDAQ","SPAC(소속부없음)","2045","0","0.00","0","0","0","0","0","14728090000","7202000"
"454640","하나29호스팩","KOSDAQ","SPAC(소속부없음)","2075","-5","-0.24","2085","2085","2075","9049","18777420","11207075000","5401000"
"469880","하나30호스팩","KOSDAQ","SPAC(소속부없음)","2050","0","0.00","2050","2055","2050","11772","24136735","14975250000","7305000"
"469900","하나31호스팩","KOSDAQ","SPAC(소속부없음)","2060","5","0.24","2050","2060","2040","5541","11341304","11546300000","5605000"
"475240","하나32호스팩","KOSDAQ","SPAC(소속부없음)","2145","-5","-0.23","2160","2160","2085","19801","41517905","6864000000","3200000"
"475250","하나33호스팩","KOSDAQ","SPAC(소속부없음)","2100","-5","-0.24","2105","2105","2095","4646","9756890","7770000000","3700000"
"484130","하나34호스팩","KOSDAQ","SPAC(소속부없음)","2070","-5","-0.24","2075","2075","2065","1657","3437100","9356400000","4520000"
"086790","하나금융지주","KOSPI",,"85900","-3000","-3.37","87300","88700","85200","939035","81383255650","24457782065100","284723889"
"299030","하나기술","KOSDAQ","벤처기업부","22850","-750","-3.18","23700","23750","22400","33314","759792675","182683693500","7994910"
"067310","하나마이크론","KOSDAQ","중견기업부","11800","-120","-1.01","11850","11900","11530","446854","5212947155","782008998200","66271949"
"166090","하나머티리얼즈","KOSDAQ GLOBAL","우량기업부","25300","-400","-1.56","25650","25650","25050","41205","1040325250","500375152200","19777674"
"293480","하나제약","KOSPI",,"12150","-60","-0.49","12210","12220","12050","21576","261505090","215941293900","17772946"
"039130","하나투어","KOSPI",,"54900","200","0.37","54900","55300","54400","34616","1899201300","850397266800","15489932"
"136480","하림","KOSDAQ","중견기업부","3155","15","0.48","3150","3170","3090","815819","2552986143","335091609810","106209702"
"003380","하림지주","KOSDAQ GLOBAL","우량기업부","10090","-340","-3.26","10560","10810","9840","1186516","12029292380","1130136715890","112005621"
"450330","하스","KOSDAQ","기술성장기업부","7950","-220","-2.69","8100","8200","7890","40557","323423530","62296271550","7836009"
"101670","하이드로리튬","KOSDAQ","투자주의환기종목(소속부없음)","1344","-18","-1.32","1362","1362","1277","194946","259209409","72804439680","54169970"
"365590","하이딥","KOSDAQ","기술성장기업부","594","-6","-1.00","600","604","587","69621","41095983","91941169716","154783114"
"149980","하이로닉","KOSDAQ","관리종목(소속부없음)","5090","0","0.00","0","0","0","0","0","94645307670","18594363"
"013030","하이록코리아","KOSDAQ","우량기업부","29250","-650","-2.17","29900","29900","29000","42807","1257157350","359641678500","12295442"
"352820","하이브","KOSPI",,"303000","-10500","-3.35","316500","323000","300500","251519","77712584500","12620585391000","41652097"
"126700","하이비젼시스템","KOSDAQ","우량기업부","14540","-10","-0.07","14740","14740","14350","56684","819311435","217258308480","14942112"
"071090","하이스틸","KOSPI",,"4010","-65","-1.60","4085","4095","3980","262405","1054545832","80967798710","20191471"
"450050","하이제8호스팩","KOSDAQ","SPAC(소속부없음)","2070","-5","-0.24","2065","2075","2060","28564","58930385","10378980000","5014000"
"160190","하이젠알앤엠","KOSDAQ","중견기업부","36100","-1450","-3.86","37200","37400","35400","139296","5027753625","1115056800000","30888000"
"221840","하이즈항공","KOSDAQ","투자주의환기종목(소속부없음)","1895","-36","-1.86","1931","1948","1835","12638","23915799","35437563095","18700561"
"106190","하이텍팜","KOSDAQ","우량기업부","13230","-30","-0.23","13270","13360","12890","34105","447772890","140676878790","10633173"
"000080","하이트진로","KOSPI",,"20850","150","0.72","20850","20950","20700","147271","3066210800","1462285789350","70133611"
"000087","하이트진로2우B","KOSPI",,"15950","-20","-0.13","16000","16180","15740","15276","243328010","18025701100","1130138"
"000140","하이트진로홀딩스","KOSPI",,"11670","540","4.85","11880","12850","11320","823472","9901238240","270822947550","23206765"
"000145","하이트진로홀딩스우","KOSPI",,"13400","-50","-0.37","13850","13850","13350","1113","15096930","6308854000","470810"
"065650","하이퍼코퍼레이션","KOSDAQ","관리종목(소속부없음)","5280","-810","-13.30","7000","7250","5140","4020375","24650337535","70409940480","13335216"
"066130","하츠","KOSDAQ","우량기업부","5090","20","0.39","5050","5150","5010","30277","153532910","65152000000","12800000"
"152550","한국ANKOR유전","KOSPI",,"253","1","0.40","249","271","248","5152749","1334225297","17715060000","70020000"
"004590","한국가구","KOSDAQ","중견기업부","5730","80","1.42","5640","5740","5500","99243","557692545","85950000000","15000000"
"036460","한국가스공사","KOSPI",,"41250","-250","-0.60","41700","41750","40300","341551","13961296375","3807911250000","92313000"
"039340","한국경제TV","KOSDAQ","우량기업부","5490","-30","-0.54","5530","5530","5480","1066","5848750","123525000000","22500000"
"005430","한국공항","KOSPI",,"52800","100","0.19","52900","52900","52000","8276","434691800","167183544000","3166355"
"071050","한국금융지주","KOSPI",,"138000","-2200","-1.57","139100","142100","135700","257192","35483111400","7690186896000","55725992"
"071055","한국금융지주우","KOSPI",,"88200","-1800","-2.00","90000","90600","87400","48237","4260430850","516697738200","5858251"
"034950","한국기업평가","KOSDAQ","우량기업부","98800","-300","-0.30","99100","100400","98300","1431","141439200","448602783200","4540514"
"010040","한국내화","KOSPI",,"2390","-15","-0.62","2415","2430","2385","10631","25449966","98150278180","41067062"
"025540","한국단자","KOSPI",,"65300","-200","-0.31","66000","66100","64600","16884","1098399850","660509500000","10115000"
"222980","한국맥널티","KOSDAQ","벤처기업부","3970","125","3.25","3870","4560","3825","5956315","25638749679","43794987510","11031483"
"010100","한국무브넥스","KOSPI",,"4565","-105","-2.25","4685","4720","4530","333194","1530190657","139006167300","30450420"
"331660","한국미라클피플사","KONEX","일반기업부","17090","0","0.00","0","0","0","0","0","18799000000","1100000"
"256840","한국비엔씨","KOSDAQ","벤처기업부","5110","-90","-1.73","5210","5220","5050","245842","1253953385","349497867460","68394886"
"219750","한국비티비","KOSDAQ","중견기업부","1351","60","4.65","1291","1483","1291","1514864","2118363795","88391721635","65426885"
"004090","한국석유","KOSPI",,"13750","50","0.36","13700","14800","13620","668428","9476616895","174544150000","12694120"
"025550","한국선재","KOSDAQ","우량기업부","3515","-35","-0.99","3550","3580","3450","240352","841733803","89681724060","25514004"
"002200","한국수출포장","KOSPI",,"3015","-5","-0.17","3020","3035","2990","46122","138495209","120600000000","40000000"
"002960","한국쉘석유","KOSPI",,"420000","2500","0.60","417500","421000","412500","2865","1190800000","546000000000","1300000"
"017890","한국알콜","KOSDAQ","우량기업부","10210","10","0.10","10290","10300","10000","74552","756177480","220594809600","21605760"
"000240","한국앤컴퍼니","KOSPI",,"20650","870","4.40","19750","20850","19410","240186","4861954015","1960412706000","94935240"
"080720","한국유니온제약","KOSDAQ","관리종목(소속부없음)","2725","0","0.00","0","0","0","0","0","21562456300","7912828"
"123890","한국자산신탁","KOSPI",,"2545","-15","-0.59","2560","2565","2510","173067","437523267","311441641670","122373926"
"015760","한국전력","KOSPI",,"35450","-2500","-6.59","37250","37300","34800","7518409","267592768175","22757626529650","641964077"
"041460","한국전자인증","KOSDAQ","중견기업부","4325","-105","-2.37","4430","4475","4300","205569","894153497","82175000000","19000000"
"006200","한국전자홀딩스","KOSPI",,"776","-1","-0.13","778","779","765","53689","41461084","36319233536","46803136"
"101680","한국정밀기계","KOSDAQ","중견기업부","2295","-115","-4.77","2410","2410","2270","25016","58014882","19287180000","8404000"
"039740","한국정보공학","KOSDAQ","벤처기업부","2840","-5","-0.18","2850","2880","2815","7765","22122620","22772247480","8018397"
"053300","한국정보인증","KOSDAQ","우량기업부","7950","-420","-5.02","8530","8600","7860","1057954","8624553415","337408819950","42441361"
"025770","한국정보통신","KOSDAQ","우량기업부","9600","-440","-4.38","9980","10070","9500","67161","650013980","359465001600","37444271"
"458610","한국제12호스팩","KOSDAQ","SPAC(소속부없음)","2145","0","0.00","2210","2210","2105","14843","31425165","9073350000","4230000"
"464440","한국제13호스팩","KOSDAQ","SPAC(소속부없음)","2125","-10","-0.47","2130","2135","2125","2322","4934925","9180000000","4320000"
"479880","한국제15호스팩","KOSDAQ","SPAC(소속부없음)","2075","-15","-0.72","2085","2090","2075","16069","33393145","14255250000","6870000"
"027970","한국제지","KOSPI",,"810","-2","-0.25","812","815","808","64806","52484569","154044371970","190178237"
"023350","한국종합기술","KOSPI",,"5300","-50","-0.93","5350","5400","5250","45076","239318205","58035000000","10950000"
"025890","한국주강","KOSPI",,"1855","-13","-0.70","1870","1880","1852","20626","38602434","20978675445","11309259"
"000970","한국주철관","KOSPI",,"7080","-60","-0.84","7110","7180","6990","43116","304931140","161427540000","22800500"
"104700","한국철강","KOSPI",,"9080","-60","-0.66","9250","9260","8970","14072","127084870","330966000000","36450000"
"062970","한국첨단소재","KOSDAQ","중견기업부","3745","-130","-3.35","3875","3880","3600","415231","1555132486","73914383410","19736818"
"017960","한국카본","KOSPI",,"25250","-600","-2.32","25900","26000","24850","448950","11315547250","1310688413000","51908452"
"023760","한국캐피탈","KOSDAQ","우량기업부","737","-9","-1.21","749","756","728","374806","277184743","232604257512","315609576"
"054040","한국컴퓨터","KOSDAQ","우량기업부","5030","-110","-2.14","5140","5150","4990","34837","175292460","80838588700","16071290"
"161890","한국콜마","KOSPI",,"98400","-1700","-1.70","101800","104900","98100","195095","19628292300","2322739576800","23605077"
"021650","한국큐빅","KOSDAQ","중견기업부","2530","50","2.02","2470","2580","2460","85325","213643380","41366924390","16350563"
"161390","한국타이어앤테크놀로지","KOSPI",,"41350","1000","2.48","40200","41350","40100","365920","14935604075","5122234103150","123875069"
"034830","한국토지신탁","KOSPI",,"1250","-5","-0.40","1255","1258","1239","285535","356676297","315611537500","252489230"
"007280","한국특강","KOSPI",,"1485","56","3.92","1445","1487","1415","37621","54377817","90307766835","60813311"
"032300","한국파마","KOSDAQ","중견기업부","15080","100","0.67","14930","15270","14790","10081","150620880","164473051080","10906701"
"037230","한국팩키지","KOSDAQ","중견기업부","1983","-12","-0.60","1999","1999","1940","62588","122715339","59094048441","29800327"
"448900","한국피아이엠","KOSDAQ","기술성장기업부","14260","-380","-2.60","14820","14820","13620","316336","4411888290","85623556820","6004457"
"047810","한국항공우주","KOSPI",,"89100","-700","-0.78","90700","91000","87500","474116","42142064250","8685032033700","97475107"
"123690","한국화장품","KOSPI",,"8820","-350","-3.82","9200","9320","8740","485369","4345166155","141719760000","16068000"
"003350","한국화장품제조","KOSPI",,"55600","-1200","-2.11","57100","58000","55000","43068","2407722900","251979200000","4532000"
"030520","한글과컴퓨터","KOSDAQ GLOBAL","우량기업부","30150","-400","-1.31","30850","30850","29450","226996","6806512700","729019281600","24179744"
"052600","한네트","KOSDAQ","중견기업부","4685","-30","-0.64","4800","4800","4555","100383","464144590","54175934500","11563700"
"011500","한농화성","KOSPI",,"14660","-160","-1.08","14820","14850","14570","42724","627191330","229239035720","15637042"
"002390","한독","KOSPI",,"11620","-50","-0.43","11600","11660","11550","5364","62180310","159932253460","13763533"
"256150","한독크린텍","KOSDAQ","벤처기업부","6130","-40","-0.65","6150","6160","6050","10100","61504280","51461350000","8395000"
"092460","한라IMS","KOSDAQ","우량기업부","8400","-200","-2.33","8610","8690","8250","186802","1564964635","143721312000","17109680"
"053690","한미글로벌","KOSPI",,"19310","-740","-3.69","20300","20400","19160","213336","4151642340","211590290500","10957550"
"042700","한미반도체","KOSPI",,"93900","-2800","-2.90","95500","95900","92700","684097","64260659250","8949815580000","95312200"
"008930","한미사이언스","KOSPI",,"43850","-2300","-4.98","45650","45800","42950","228302","10024073800","2998969467500","68391550"
"128940","한미약품","KOSPI",,"288000","1000","0.35","287500","291500","285500","33561","9692514750","3689565408000","12810991"
"452190","한빛레이저","KOSDAQ","벤처기업부","4910","-140","-2.77","5040","5130","4865","157849","780728602","114729794870","23366557"
"047080","한빛소프트","KOSDAQ","중견기업부","1401","-9","-0.64","1410","1422","1383","32078","44873681","34776129162","24822362"
"009240","한샘","KOSPI",,"45000","-100","-0.22","44900","45650","44050","38277","1707569550","1059026760000","23533928"
"452280","한선엔지니어링","KOSDAQ","중견기업부","6820","-90","-1.30","6910","6970","6720","27776","188556635","117752415000","17265750"
"020000","한섬","KOSPI",,"17150","-30","-0.17","17190","17250","16920","26604","453541110","384807361050","22437747"
"003680","한성기업","KOSPI",,"5140","30","0.59","5130","5180","5090","14222","72981930","31916907100","6209515"
"066980","한성크린텍","KOSDAQ","중견기업부","1514","42","2.85","1472","1523","1445","172361","255654849","78629779250","51935125"
"105630","한세실업","KOSPI",,"10800","190","1.79","10670","10850","10550","139563","1494284965","432000000000","40000000"
"069640","한세엠케이","KOSPI",,"1052","-28","-2.59","1080","1082","1030","111145","116389294","31672040104","30106502"
"016450","한세예스24홀딩스","KOSPI",,"4585","145","3.27","4555","5200","4405","5229252","25251343891","183400000000","40000000"
"010420","한솔PNS","KOSPI",,"1871","-13","-0.69","1883","1884","1870","3669","6875364","38342425452","20493012"
"009180","한솔로지스틱스","KOSPI",,"2595","-25","-0.95","2620","2620","2550","123550","317616840","73064365875","28155825"
"114810","한솔아이원스","KOSDAQ","우량기업부","8970","-190","-2.07","9160","9200","8830","98492","881126590","256480770780","28593174"
"070590","한솔인티큐브","KOSDAQ","중견기업부","1922","-30","-1.54","1972","1989","1903","78047","151592821","26676439362","13879521"
"213500","한솔제지","KOSPI",,"8900","20","0.23","8880","8950","8770","29537","260671550","211825126400","23800576"
"014680","한솔케미칼","KOSPI",,"162600","-4400","-2.63","165000","166800","160100","60124","9756365450","1843102707000","11335195"
"004710","한솔테크닉스","KOSPI",,"6080","-150","-2.41","6250","6270","5920","158634","963052875","195228058240","32109878"
"004150","한솔홀딩스","KOSPI",,"3380","45","1.35","3400","3430","3335","372699","1258384190","138669975600","41026620"
"025750","한솔홈데코","KOSPI",,"723","5","0.70","718","723","704","462512","328811049","58248602727","80565149"
"042520","한스바이오메드","KOSDAQ","벤처기업부","8870","-30","-0.34","8900","9000","8670","10661","93834980","119978875290","13526367"
"004960","한신공영","KOSPI",,"8250","-100","-1.20","8470","8470","8060","27737","227257390","95458291500","11570702"
"011700","한신기계","KOSPI",,"3850","-60","-1.53","3955","3955","3720","535817","2037381473","124917681350","32446151"
"430690","한싹","KOSDAQ","벤처기업부","5320","-150","-2.74","5470","5550","5230","75765","404945615","57963139640","10895327"
"078350","한양디지텍","KOSDAQ","우량기업부","9080","-150","-1.63","9210","9210","9000","47564","432121715","138418988560","15244382"
"045100","한양이엔지","KOSDAQ","우량기업부","18330","270","1.50","18060","18440","17820","73174","1326151310","329940000000","18000000"
"001750","한양증권","KOSPI",,"18040","-150","-0.82","18400","18440","17700","29462","527864715","229622753360","12728534"
"001755","한양증권우","KOSPI",,"17330","-70","-0.40","17660","17660","17010","3084","52889020","9098250000","525000"
"018880","한온시스템","KOSPI",,"3250","75","2.36","3145","3255","3125","839793","2700804190","2205978294000","678762552"
"009420","한올바이오파마","KOSPI",,"24900","300","1.22","24550","25050","24400","126248","3127361950","1300791886200","52240638"
"320000","한울반도체","KOSDAQ","중견기업부","2425","-135","-5.27","2500","2545","2360","316370","773063694","78349300750","32308990"
"091440","한울소재과학","KOSDAQ","투자주의환기종목(소속부없음)","2510","-95","-3.65","2605","2685","2385","481849","1199171243","69137558440","27544844"
"276730","한울앤제주","KOSDAQ","기술성장기업부","2130","30","1.43","2085","2140","2080","31704","66591505","33392768280","15677356"
"014130","한익스프레스","KOSPI",,"3540","5","0.14","3645","3645","3490","25349","89296360","42480000000","12000000"
"024740","한일단조","KOSDAQ","우량기업부","2140","-40","-1.83","2170","2185","2125","451900","967387253","70399684860","32897049"
"005860","한일사료","KOSDAQ","우량기업부","3795","5","0.13","3790","3800","3725","167126","627608511","149536984575","39403685"
"300720","한일시멘트","KOSPI",,"18910","160","0.85","18750","18940","18440","55070","1027247960","1309735721400","69261540"
"002220","한일철강","KOSPI",,"3445","655","23.48","2815","3580","2725","3805619","12312133080","91972749700","26697460"
"006390","한일현대시멘트","KOSPI",,"19160","140","0.74","19000","19210","18570","42907","806310105","370318195520","19327672"
"003300","한일홀딩스","KOSPI",,"18030","-370","-2.01","18500","18500","17690","21566","387726020","555916898520","30832884"
"007770","한일화학","KOSDAQ","중견기업부","9490","-30","-0.32","9470","9540","9430","1917","18137705","33309900000","3510000"
"051600","한전KPS","KOSPI",,"57500","-1200","-2.04","58300","58500","56400","329523","18851920250","2587500000000","45000000"
"052690","한전기술","KOSPI",,"94400","-5000","-5.03","99300","99400","92100","724199","68429135550","3607968000000","38220000"
"130660","한전산업","KOSPI",,"13370","-540","-3.88","13910","13960","13150","329092","4416256420","435862000000","32600000"
"198940","한주라이트메탈","KOSDAQ","중견기업부","733","-16","-2.14","749","749","728","109285","79990472","28530542874","38922978"
"058450","한주에이알티","KOSDAQ","투자주의환기종목(소속부없음)","1121","33","3.03","1089","1128","1064","44527","48233544","16583649141","14793621"
"107640","한중엔시에스","KOSDAQ","기술성장기업부","25750","600","2.39","25100","25750","24800","61579","1555220200","233242109500","9057946"
"002320","한진","KOSPI",,"21000","350","1.69","20700","21400","20300","71928","1508505275","313981899000","14951519"
"003480","한진중공업홀딩스","KOSPI",,"5470","-140","-2.50","5610","5620","5380","110984","607020390","161528071640","29529812"
"180640","한진칼","KOSPI",,"117400","-700","-0.59","115800","119200","115400","46932","5533790750","7837891554600","66762279"
"18064K","한진칼우","KOSPI",,"37250","-400","-1.06","38000","39600","36950","16022","613777975","19994533500","536766"
"005110","한창","KOSPI",,"1254","0","0.00","0","0","0","0","0","26467434378","21106407"
"079170","한창산업","KOSDAQ","중견기업부","8000","-150","-1.84","8070","8110","7700","42497","333416560","41600000000","5200000"
"009460","한창제지","KOSPI",,"738","-1","-0.14","732","739","729","28294","20697269","44034604668","59667486"
"372910","한컴라이프케어","KOSPI",,"3160","-35","-1.10","3160","3200","3110","114608","360169522","87451122960","27674406"
"054920","한컴위드","KOSDAQ","중견기업부","3600","-55","-1.50","3665","3665","3515","175926","631170024","101581491600","28217081"
"457370","한켐","KOSDAQ","중견기업부","8320","-240","-2.80","8640","8640","8260","49045","409410890","66785754880","8027134"
"002680","한탑","KOSDAQ","중견기업부","777","6","0.78","771","790","771","20059","15706137","25110152823","32316799"
"098070","한텍","KOSDAQ","중견기업부","33900","-1350","-3.83","35000","35050","33650","76719","2614701750","377006679900","11121141"
"000880","한화","KOSPI",,"96200","-12600","-11.58","105700","106000","94000","1762089","172122972750","7211030307000","74958735"
"00088K","한화3우B","KOSPI",,"40650","-3850","-8.65","43550","43550","40000","303203","12464828775","788790526650","19404441"
"452260","한화갤러리아","KOSPI",,"1293","-26","-1.97","1319","1320","1278","486846","628573550","250660475730","193859610"
"45226K","한화갤러리아우","KOSPI",,"2430","5","0.21","2430","2430","2420","1888","4577420","7057862100","2904470"
"451800","한화리츠","KOSPI",,"3960","0","0.00","4010","4010","3925","194981","770984229","711216000000","179600000"
"489790","한화비전","KOSPI",,"52000","1800","3.59","50000","52300","49200","686756","34999580200","2625396280000","50488390"
"088350","한화생명","KOSPI",,"3290","-120","-3.52","3430","3455","3280","1846257","6170774393","2857463700000","868530000"
"000370","한화손해보험","KOSPI",,"5730","-110","-1.88","5880","5900","5640","292894","1675905390","668913982950","116738915"
"009830","한화솔루션","KOSPI",,"34400","1000","2.99","34650","35500","33600","5477415","190168614000","5913103238400","171892536"
"009835","한화솔루션우","KOSPI",,"27350","200","0.74","27450","28150","27150","33443","925809000","70435795150","2575349"
"272210","한화시스템","KOSPI",,"55500","-2800","-4.80","59200","59200","55000","1159784","65159435450","10485026089500","188919389"
"012450","한화에어로스페이스","KOSPI",,"813000","-26000","-3.10","833000","838000","785000","262726","211432615000","38451811413000","47296201"
"082740","한화엔진","KOSPI",,"27350","-650","-2.32","28350","28350","27100","340479","9349148900","2282279333700","83447142"
"042660","한화오션","KOSPI",,"76700","-2100","-2.66","79300","79600","76000","1414296","108854963150","23501907319800","306413394"
"000885","한화우","KOSPI",,"71100","0","0.00","0","0","0","0","0","14151246300","199033"
"003530","한화투자증권","KOSPI",,"6650","-160","-2.35","7120","7140","6590","3860554","26224049130","1426742703750","214547775"
"003535","한화투자증권우","KOSPI",,"9030","-150","-1.63","9330","9330","8800","18577","169237400","43344000000","4800000"
"455310","한화플러스제4호스팩","KOSDAQ","SPAC(소속부없음)","2040","-15","-0.73","2050","2050","2040","40254","82210599","10322400000","5060000"
"498390","한화플러스제5호스팩","KOSDAQ","SPAC(소속부없음)","2015","5","0.25","2015","2015","2005","4147","8327295","9994400000","4960000"
"195870","해성디에스","KOSPI",,"28150","650","2.36","27250","28250","26875","131073","3620953475","478550000000","17000000"
"034810","해성산업","KOSDAQ","중견기업부","7910","-60","-0.75","7970","7970","7710","24496","190976090","257524738870","32556857"
"03481K","해성산업1우","KOSDAQ","중견기업부","7860","-20","-0.25","7880","8000","7720","2285","17853650","10916926920","1388922"
"059270","해성에어로보틱스","KOSDAQ","기술성장기업부","5690","-140","-2.40","5730","5840","5600","142187","809407420","63391146310","11140799"
"076610","해성옵틱스","KOSDAQ","벤처기업부","556","2","0.36","554","560","547","154072","85076829","24159978088","43453198"
"101530","해태제과식품","KOSPI",,"8070","860","11.93","7320","8900","7170","3034818","25091516990","234972753540","29116822"
"220180","핸디소프트","KOSDAQ","벤처기업부","2650","30","1.15","2615","2655","2590","4765","12443315","51431200000","19408000"
"143210","핸즈코퍼레이션","KOSPI",,"1790","-26","-1.43","1825","2005","1787","137334","258555062","39157587130","21875747"
"900270","헝셩그룹","KOSDAQ","외국기업(소속부없음)","235","10","4.44","230","240","227","9686497","2265487025","44191054400","188047040"
"214180","헥토이노베이션","KOSDAQ","우량기업부","14130","-400","-2.75","14740","14740","14030","107310","1528557810","185450781690","13124613"
"234340","헥토파이낸셜","KOSDAQ","우량기업부","21700","-2200","-9.21","24200","24400","21550","366307","8198770000","205130100000","9453000"
"084990","헬릭스미스","KOSDAQ","기술성장기업부","3000","-35","-1.15","3035","3085","2940","58853","175556930","138278391000","46092797"
"187660","현대ADM","KOSDAQ","중견기업부","1206","71","6.26","1147","1220","1118","381978","443577726","51844949874","42989179"
"000720","현대건설","KOSPI",,"73600","-3200","-4.17","76000","76700","71200","2167893","159038060200","8195784304000","111355765"
"000725","현대건설우","KOSPI",,"62800","-3100","-4.70","66500","66500","61500","17996","1131589300","66234720400","1054693"
"170030","현대공업","KOSDAQ","우량기업부","5670","20","0.35","5650","5900","5510","69548","391326220","86977800000","15340000"
"453340","현대그린푸드","KOSPI",,"17400","-200","-1.14","17750","17750","17270","14421","251418230","576558396000","33135540"
"086280","현대글로비스","KOSPI",,"138700","2300","1.69","135200","139200","135000","98964","13583333950","10402500000000","75000000"
"064350","현대로템","KOSPI",,"199500","-1500","-0.75","205000","206000","192500","1212591","239563474300","21773887453500","109142293"
"079430","현대리바트","KOSPI",,"7910","-70","-0.88","7970","7970","7830","10571","83275295","162434080620","20535282"
"012330","현대모비스","KOSPI",,"298500","10500","3.65","285000","300000","284500","245694","72724908750","27400835559000","91795094"
"319400","현대무벡스","KOSDAQ","우량기업부","5360","-30","-0.56","5370","5560","5280","1030385","5568182500","631654029360","117845901"
"048410","현대바이오","KOSDAQ","중견기업부","9060","150","1.68","8870","9100","8800","127628","1146775060","435075768480","48021608"
"052260","현대바이오랜드","KOSDAQ","우량기업부","5270","90","1.74","5180","5270","5070","109548","569157740","158100000000","30000000"
"069960","현대백화점","KOSPI",,"76100","-1000","-1.30","76700","77000","74800","45083","3417078950","1722052669300","22628813"
"004560","현대비앤지스틸","KOSPI",,"11970","-40","-0.33","12040","12080","11740","30259","358373010","180493367670","15078811"
"016790","현대사료","KOSDAQ","관리종목(소속부없음)","994","0","0.00","0","0","0","0","0","187340898626","188471729"
"004310","현대약품","KOSPI",,"3455","-10","-0.29","3465","3485","3400","43630","149812455","110560000000","32000000"
"041440","현대에버다임","KOSDAQ","우량기업부","8100","20","0.25","8090","8140","7910","63683","510126170","145119146400","17915944"
"039010","현대에이치티","KOSDAQ","우량기업부","8060","260","3.33","7800","8140","7600","99101","785847660","69517500000","8625000"
"017800","현대엘리베이터","KOSPI",,"82800","-4500","-5.15","86500","86650","81800","213227","17741098500","3236849478000","39092385"
"307950","현대오토에버","KOSPI",,"171500","2100","1.24","171200","172700","167600","56448","9599985950","4703212913000","27423982"
"011210","현대위아","KOSPI",,"46800","350","0.75","46550","46950","45900","42673","1984279450","1272729884400","27195083"
"090850","현대이지웰","KOSDAQ","우량기업부","6670","-190","-2.77","6860","6870","6600","82016","548293070","158388227870","23746361"
"004020","현대제철","KOSPI",,"30050","50","0.17","29900","30100","29550","280269","8352440175","4010045839250","133445785"
"005440","현대지에프홀딩스","KOSPI",,"8900","-250","-2.73","9400","9430","8800","331090","2957596625","1387548278900","155904301"
"005380","현대차","KOSPI",,"213750","3750","1.79","215000","218000","210000","825197","175857814750","43766972482500","204757766"
"005387","현대차2우B","KOSPI",,"162700","800","0.49","163000","163700","160200","92919","15041913150","5688631411000","34963930"
"005389","현대차3우B","KOSPI",,"158200","200","0.13","158900","159700","156400","14730","2321441450","368202906400","2327452"
"005385","현대차우","KOSPI",,"158100","0","0.00","158100","159800","156400","154120","24329891050","3690205776000","23340960"
"001500","현대차증권","KOSPI",,"8050","-180","-2.19","8340","8340","7990","268315","2169661440","497756004200","61833044"
"011760","현대코퍼레이션","KOSPI",,"27800","-900","-3.14","28350","28350","27300","88705","2452583175","367765254800","13228966"
"227840","현대코퍼레이션홀딩스","KOSPI",,"13840","40","0.29","13970","14120","13420","56077","765539950","125955570240","9100836"
"126560","현대퓨처넷","KOSPI",,"3280","0","0.00","3280","3300","3265","42669","140006147","361465659600","110202945"
"001450","현대해상","KOSPI",,"27150","-550","-1.99","27700","27750","27000","257225","7012584825","2427210000000","89400000"
"057050","현대홈쇼핑","KOSPI",,"56300","-700","-1.23","57100","57100","55300","16325","909602850","675600000000","12000000"
"460930","현대힘스","KOSDAQ","중견기업부","18760","50","0.27","19050","19270","18400","127733","2393522140","664578083960","35425271"
"092300","현우산업","KOSDAQ","우량기업부","2725","-45","-1.62","2770","2770","2710","22574","61587295","50883423600","18672816"
"138360","협진","KOSDAQ","중견기업부","693","13","1.91","680","703","670","125877","86103498","33505335864","48348248"
"011080","형지I&C","KOSDAQ","중견기업부","1173","270","29.90","1107","1173","1020","37953062","42410055317","49633862184","42313608"
"308100","형지글로벌","KOSDAQ","중견기업부","4945","1140","29.96","4945","4945","4455","7486201","35743202536","49814095405","10073629"
"093240","형지엘리트","KOSPI",,"3380","260","8.33","3430","3650","2920","56515963","193469745220","129759075420","38390259"
"003010","혜인","KOSPI",,"5270","-10","-0.19","5300","5310","5160","108421","565194560","66996176690","12712747"
"111110","호전실업","KOSPI",,"8590","-10","-0.12","8630","8700","8520","34950","300345475","80539840000","9376000"
"008770","호텔신라","KOSPI",,"50100","-300","-0.60","50000","50500","49600","178264","8889465700","1966330862100","39248121"
"008775","호텔신라우","KOSPI",,"44450","-250","-0.56","44400","46000","44250","1016","45124575","33421021550","751879"
"060560","홈센타홀딩스","KOSDAQ","중견기업부","795","-7","-0.87","802","803","787","108739","85959935","101497272375","127669525"
"064240","홈캐스트","KOSDAQ","중견기업부","2165","-35","-1.59","2200","2250","2130","106017","231513510","75857295980","35038012"
"039610","화성밸브","KOSDAQ","우량기업부","10810","-320","-2.88","11240","11240","10710","146391","1589606225","112536424000","10410400"
"378850","화승알앤에이","KOSPI",,"3280","20","0.61","3260","3280","3200","33217","107674650","62299083440","18993623"
"241590","화승엔터프라이즈","KOSPI",,"7830","180","2.35","7760","7960","7610","313587","2449126730","474414031080","60589276"
"006060","화승인더","KOSPI",,"4915","125","2.61","4790","4920","4770","186117","904721674","271897800000","55320000"
"013520","화승코퍼레이션","KOSPI",,"2090","-65","-3.02","2145","2155","2070","88145","185309435","104607116680","50051252"
"010690","화신","KOSPI",,"8470","70","0.83","8470","8540","8310","67592","567734235","295775872700","34920410"
"126640","화신정공","KOSDAQ","우량기업부","1293","4","0.31","1296","1296","1275","63703","81830046","47031435891","36373887"
"133820","화인베스틸","KOSPI",,"827","2","0.24","830","838","821","36317","29957610","25493199586","30826118"
"127980","화인써키트","KOSDAQ","중견기업부","6050","40","0.67","6010","6170","6000","335","2026440","71636138200","11840684"
"061250","화일약품","KOSDAQ","중견기업부","1220","-8","-0.65","1219","1230","1200","195008","235877563","105191789160","86222778"
"010660","화천기계","KOSPI",,"5660","30","0.53","5650","5850","5580","404116","2302498030","124520000000","22000000"
"000850","화천기공","KOSPI",,"32550","-350","-1.06","33200","33200","32400","1321","43193250","71610000000","2200000"
"016580","환인제약","KOSPI",,"12340","-10","-0.08","12330","12390","12170","17737","217615035","229524863800","18600070"
"032560","황금에스티","KOSPI",,"6070","-10","-0.16","6090","6110","6020","15013","91009850","103190000000","17000000"
"004800","효성","KOSPI",,"76300","-1700","-2.18","79000","79200","74800","131892","10064290750","1277293054100","16740407"
"094280","효성ITX","KOSPI",,"13640","-70","-0.51","13830","13860","13540","28776","392865750","157653848000","11558200"
"097870","효성오앤비","KOSDAQ","중견기업부","6970","-40","-0.57","7010","7020","6850","172324","1192448850","59175300000","8490000"
"298040","효성중공업","KOSPI",,"906000","1000","0.11","929000","939000","870000","78479","70622014500","8448040488000","9324548"
"298020","효성티앤씨","KOSPI",,"271000","14500","5.65","256000","271000","255500","31536","8368699750","1172801822000","4327682"
"298000","효성화학","KOSPI",,"38900","0","0.00","0","0","0","0","0","147501447900","3791811"
"093370","후성","KOSPI",,"4855","65","1.36","4800","4945","4765","290486","1409828070","520724627150","107255330"
"290270","휴네시온","KOSDAQ","벤처기업부","3605","-5","-0.14","3635","3695","3565","22755","82354952","34635657560","9607672"
"005870","휴니드","KOSPI",,"8910","-140","-1.55","9140","9140","8850","78301","698120440","125773693650","14116015"
"353190","휴럼","KOSDAQ","중견기업부","702","-4","-0.57","706","706","700","19394","13607006","27643650840","39378420"
"090710","휴림로봇","KOSDAQ","중견기업부","3145","-240","-7.09","3415","3420","3085","12296982","39005907181","346697858985","110237793"
"078590","휴림에이텍","KOSDAQ","벤처기업부","533","-12","-2.20","542","542","531","164957","88147618","29960110154","56210338"
"205470","휴마시스","KOSDAQ","우량기업부","1441","4","0.28","1437","1453","1409","676500","964507688","186429387969","129375009"
"115160","휴맥스","KOSDAQ","중견기업부","1048","-12","-1.13","1060","1060","1035","40548","42240455","46080689952","43970124"
"028080","휴맥스홀딩스","KOSDAQ","중견기업부","2105","15","0.72","2110","2110","2030","34271","70668525","26475650130","12577506"
"175140","휴먼테크놀로지","KOSDAQ","투자주의환기종목(소속부없음)","4870","-30","-0.61","4980","4980","4800","61833","300216839","120766318440","24798012"
"200670","휴메딕스","KOSDAQ","우량기업부","54100","-2000","-3.57","56400","56500","53300","57722","3130221250","607539213000","11229930"
"079980","휴비스","KOSPI",,"3110","20","0.65","3090","3140","3025","60040","183866635","107295000000","34500000"
"065510","휴비츠","KOSDAQ","우량기업부","7660","-90","-1.16","7750","7750","7590","14660","111776970","93140781860","12159371"
"005010","휴스틸","KOSPI",,"4620","-90","-1.91","4730","4730","4575","502310","2322893575","259588906500","56188075"
"263920","휴엠앤씨","KOSDAQ","벤처기업부","919","-3","-0.33","925","925","915","20627","18929662","45072478146","49045134"
"243070","휴온스","KOSDAQ","우량기업부","28300","250","0.89","28450","28450","27800","23549","660981975","339024519500","11979665"
"084110","휴온스글로벌","KOSDAQ","중견기업부","44800","-950","-2.08","45800","45900","42000","41855","1846775350","566129536000","12636820"
"145020","휴젤","KOSDAQ GLOBAL","우량기업부","363500","-500","-0.14","366000","377500","360500","58110","21361550500","4472515995500","12304033"
"024060","흥구석유","KOSDAQ","중견기업부","12450","0","0.00","12360","13500","12150","1269177","16335761885","186750000000","15000000"
"010240","흥국","KOSDAQ","우량기업부","5380","-30","-0.55","5440","5450","5270","26886","143655570","66296104480","12322696"
"189980","흥국에프엔비","KOSDAQ","우량기업부","1970","14","0.72","1956","1974","1938","72752","142435651","79071519190","40137827"
"000540","흥국화재","KOSPI",,"4305","-95","-2.16","4415","4425","4245","96433","416171750","276564586725","64242645"
"000545","흥국화재우","KOSPI",,"7150","-110","-1.52","7220","7220","7100","4152","29571110","5491200000","768000"
"003280","흥아해운","KOSPI",,"1808","57","3.26","1752","2020","1710","85333202","163405850951","434688217392","240424899"
"037440","희림","KOSDAQ","우량기업부","5140","-40","-0.77","5180","5180","5040","78840","401208060","71561521500","13922475"
"238490","힘스","KOSDAQ","벤처기업부","3380","-5","-0.15","3360","3415","3345","3694","12476435","38235357680","11312236"